generic_id,alias,lang
1,гречка,ru
1,гречневая каша,ru
1,гречка отварная,ru
1,гречка варёная,ru
1,buckwheat,en
1,boiled buckwheat,en
1,buckwheat porridge,en
2,гречневая крупа,ru
2,гречка сухая,ru
2,гречка сырая,ru
2,ядрица,ru
2,Гречневая крупа сухая,ru
2,buckwheat groats,en
2,raw buckwheat,en
2,dry buckwheat,en
3,рис,ru
3,рис отварной,ru
3,рис варёный,ru
3,белый рис,ru
3,рис на воде,ru
3,Рис белый отварной,ru
3,rice,en
3,boiled rice,en
3,cooked white rice,en
4,рис сухой,ru
4,рис сырой,ru
4,рисовая крупа,ru
4,Рис белый сухой,ru
4,raw rice,en
4,dry rice,en
4,uncooked white rice,en
5,бурый рис,ru
5,коричневый рис,ru
5,рис бурый отварной,ru
5,нешлифованный рис,ru
5,brown rice,en
5,cooked brown rice,en
6,овсянка,ru
6,овсяная каша,ru
6,овсянка на воде,ru
6,геркулесовая каша,ru
6,oatmeal,en
6,porridge,en
6,cooked oats,en
7,овсянка на молоке,ru
7,овсяная каша на молоке,ru
7,молочная овсяная каша,ru
7,овсянка молочная,ru
7,oatmeal with milk,en
7,milk oatmeal,en
8,геркулес,ru
8,овсяные хлопья,ru
8,овсянка сухая,ru
8,геркулес сухой,ru
8,Овсяные хлопья сухие (геркулес),ru
8,rolled oats,en
8,oat flakes,en
8,dry oats,en
9,перловка,ru
9,перловая каша,ru
9,перловка отварная,ru
9,перловка варёная,ru
9,pearl barley,en
9,boiled barley,en
9,cooked pearl barley,en
10,пшёнка,ru
10,пшённая каша,ru
10,пшено отварное,ru
10,Пшённая каша на воде,ru
10,millet porridge,en
10,cooked millet,en
11,булгур,ru
11,булгур отварной,ru
11,булгур варёный,ru
11,каша булгур,ru
11,bulgur,en
11,cooked bulgur,en
12,киноа,ru
12,киноа отварная,ru
12,квиноа,ru
12,киноа варёная,ru
12,quinoa,en
12,cooked quinoa,en
13,манка,ru
13,манная каша,ru
13,манная каша на молоке,ru
13,каша манная,ru
13,semolina porridge,en
13,semolina,en
13,cream of wheat,en
14,макароны,ru
14,макароны отварные,ru
14,паста,ru
14,спагетти,ru
14,вермишель отварная,ru
14,рожки отварные,ru
14,pasta,en
14,boiled pasta,en
14,cooked spaghetti,en
15,макароны сухие,ru
15,макароны сырые,ru
15,паста сухая,ru
15,dry pasta,en
15,uncooked pasta,en
15,raw pasta,en
16,хлеб,ru
16,белый хлеб,ru
16,хлеб белый,ru
16,хлеб пшеничный,ru
16,Хлеб белый пшеничный,ru
16,white bread,en
16,wheat bread,en
17,чёрный хлеб,ru
17,ржаной хлеб,ru
17,бородинский хлеб,ru
17,Хлеб ржаной (чёрный),ru
17,rye bread,en
17,black bread,en
17,dark bread,en
18,цельнозерновой хлеб,ru
18,хлеб цельнозерновой,ru
18,хлеб с отрубями,ru
18,отрубной хлеб,ru
18,whole grain bread,en
18,whole wheat bread,en
19,батон,ru
19,батон нарезной,ru
19,белый батон,ru
19,булка,ru
19,white loaf,en
19,sliced loaf,en
20,лаваш,ru
20,лаваш тонкий,ru
20,армянский лаваш,ru
20,lavash,en
20,thin flatbread,en
20,armenian flatbread,en
21,хлебцы,ru
21,хлебец,ru
21,хлебцы ржаные,ru
21,хрустящие хлебцы,ru
21,crispbread,en
21,rye crispbread,en
22,сухари,ru
22,сухари пшеничные,ru
22,сухарь,ru
22,сухари белые,ru
22,rusks,en
22,dried bread,en
22,zwieback,en
23,мюсли,ru
23,мюсли сухие,ru
23,мюсли с фруктами,ru
23,мюсли без сахара,ru
23,muesli,en
23,dry muesli,en
24,гранола,ru
24,гранола домашняя,ru
24,гранола с орехами,ru
24,хрустящая гранола,ru
24,granola,en
24,baked granola,en
101,куриная грудка,ru
101,курица,ru
101,куриное филе,ru
101,грудка отварная,ru
101,вареная куриная грудка,ru
101,курогрудь,ru
101,Куриная грудка отварная,ru
101,boiled chicken breast,en
101,chicken breast,en
101,chicken breast boiled,en
102,куриная грудка жареная,ru
102,жареная куриная грудка,ru
102,жареное куриное филе,ru
102,жареная курица,ru
102,курица жареная,ru
102,fried chicken breast,en
102,chicken breast fried,en
101,куриная грудка запеченная,ru
101,запеченная куриная грудка,ru
101,куриное филе запеченное,ru
101,грудка в духовке,ru
101,курица запеченная,ru
101,baked chicken breast,en
101,roasted chicken breast,en
104,куриное бедро,ru
104,бедро куриное,ru
104,куриные бедра,ru
104,бедрышки,ru
104,бедро курицы,ru
104,Куриное бедро запечённое,ru
104,chicken thigh,en
104,baked chicken thigh,en
105,куриная голень,ru
105,голень куриная,ru
105,голени,ru
105,куриная ножка,ru
105,куриные ножки,ru
105,Куриная голень запечённая,ru
105,chicken drumstick,en
105,drumstick,en
106,куриные крылышки,ru
106,крылышки,ru
106,крылья куриные,ru
106,крылышки запеченные,ru
106,Куриные крылышки запечённые,ru
106,chicken wings,en
106,baked chicken wings,en
107,курица гриль,ru
107,гриль курица,ru
107,цыпленок гриль,ru
107,курица на гриле,ru
107,grilled chicken,en
107,rotisserie chicken,en
108,индейка,ru
108,филе индейки,ru
108,индейка запеченная,ru
108,грудка индейки,ru
108,индюшка,ru
108,Филе индейки запечённое,ru
108,turkey breast,en
108,turkey fillet,en
108,baked turkey,en
109,говядина отварная,ru
109,вареная говядина,ru
109,отварная говядина,ru
109,говядина,ru
109,отварное мясо,ru
109,boiled beef,en
109,beef,en
109,beef boiled,en
110,говядина жареная,ru
110,жареная говядина,ru
110,говядина на сковороде,ru
110,жареное мясо,ru
110,fried beef,en
110,beef fried,en
111,свинина жареная,ru
111,жареная свинина,ru
111,свинина,ru
111,свинина на сковороде,ru
111,свиная отбивная,ru
111,fried pork,en
111,pork,en
111,pork chop,en
112,фарш говяжий,ru
112,говяжий фарш,ru
112,фарш,ru
112,фарш из говядины,ru
112,Фарш говяжий жареный,ru
112,ground beef,en
112,minced beef,en
112,cooked ground beef,en
113,фарш свиной,ru
113,свиной фарш,ru
113,фарш из свинины,ru
113,жареный свиной фарш,ru
113,Фарш свиной жареный,ru
113,ground pork,en
113,minced pork,en
114,котлета,ru
114,котлеты,ru
114,котлета мясная,ru
114,домашние котлеты,ru
114,котлета жареная,ru
114,Котлета мясная жареная,ru
114,meat cutlet,en
114,fried meat patty,en
115,стейк,ru
115,стейк говяжий,ru
115,говяжий стейк,ru
115,стейк из говядины,ru
115,рибай,ru
115,Стейк говяжий (гриль),ru
115,beef steak,en
115,steak,en
115,ribeye,en
116,шашлык,ru
116,шашлык свиной,ru
116,свиной шашлык,ru
116,шашлык из свинины,ru
116,мясо на мангале,ru
116,pork shashlik,en
116,pork kebab,en
116,shashlik,en
117,печень куриная,ru
117,куриная печень,ru
117,печенка куриная,ru
117,куриная печень жареная,ru
117,Печень куриная жареная,ru
117,chicken liver,en
117,fried chicken liver,en
118,печень говяжья,ru
118,говяжья печень,ru
118,печень,ru
118,печенка,ru
118,печень жареная,ru
118,Печень говяжья жареная,ru
118,beef liver,en
118,liver,en
118,fried beef liver,en
119,бекон,ru
119,бекон жареный,ru
119,жареный бекон,ru
119,копченый бекон,ru
119,bacon,en
119,fried bacon,en
119,crispy bacon,en
120,ветчина,ru
120,ветчина вареная,ru
120,ветчина свиная,ru
120,окорок вареный,ru
120,ham,en
120,cooked ham,en
121,колбаса вареная,ru
121,вареная колбаса,ru
121,докторская колбаса,ru
121,колбаса докторская,ru
121,колбаса,ru
121,Колбаса варёная (докторская),ru
121,boiled sausage,en
121,bologna,en
121,doctorskaya sausage,en
122,сосиски,ru
122,сосиска,ru
122,сосиски молочные,ru
122,вареные сосиски,ru
122,Сосиски отварные,ru
122,sausages,en
122,frankfurter,en
122,hot dog sausage,en
123,сардельки,ru
123,сарделька,ru
123,сардельки вареные,ru
123,вареные сардельки,ru
123,Сардельки отварные,ru
123,sardelki,en
123,thick boiled sausage,en
124,салями,ru
124,колбаса салями,ru
124,сырокопченая колбаса,ru
124,колбаса сырокопченая,ru
124,salami,en
124,hard salami,en
124,dry sausage,en
201,лосось,ru
201,семга,ru
201,лосось запеченный,ru
201,семга запеченная,ru
201,стейк из лосося,ru
201,salmon,en
201,baked salmon,en
201,salmon fillet,en
202,семга слабосоленая,ru
202,сёмга соленая,ru
202,лосось слабосоленый,ru
202,соленая семга,ru
202,слабосоленая красная рыба,ru
202,salted salmon,en
202,lox,en
202,cured salmon,en
202,lightly salted salmon,en
203,форель,ru
203,форель запеченная,ru
203,стейк из форели,ru
203,радужная форель,ru
203,форель в духовке,ru
203,trout,en
203,baked trout,en
203,rainbow trout,en
204,треска,ru
204,треска отварная,ru
204,треска вареная,ru
204,треска на пару,ru
204,филе трески,ru
204,cod,en
204,boiled cod,en
204,cod fillet,en
205,минтай,ru
205,минтай жареный,ru
205,минтай на сковороде,ru
205,филе минтая,ru
205,pollock,en
205,fried pollock,en
205,alaska pollock,en
206,тунец,ru
206,тунец консервированный,ru
206,тунец в собственном соку,ru
206,консервированный тунец,ru
206,тунец из банки,ru
206,Тунец консервированный в собственном соку,ru
206,canned tuna,en
206,tuna in water,en
206,tuna,en
207,селедка,ru
207,сельдь,ru
207,селедка соленая,ru
207,сельдь соленая,ru
207,слабосоленая селедка,ru
207,salted herring,en
207,herring,en
207,pickled herring,en
208,скумбрия,ru
208,скумбрия копченая,ru
208,копченая скумбрия,ru
208,скумбрия горячего копчения,ru
208,smoked mackerel,en
208,mackerel,en
209,креветки,ru
209,креветки отварные,ru
209,вареные креветки,ru
209,креветки очищенные,ru
209,королевские креветки,ru
209,shrimp,en
209,boiled shrimp,en
209,prawns,en
210,кальмар,ru
210,кальмары,ru
210,кальмар отварной,ru
210,кальмары вареные,ru
210,филе кальмара,ru
210,squid,en
210,boiled squid,en
210,calamari,en
211,икра красная,ru
211,красная икра,ru
211,икра лососевая,ru
211,икра горбуши,ru
211,икра кеты,ru
211,red caviar,en
211,salmon roe,en
211,caviar,en
212,яйцо,ru
212,яйца,ru
212,яйцо вареное,ru
212,вареное яйцо,ru
212,яйцо вкрутую,ru
212,яйца отварные,ru
212,Яйцо куриное варёное,ru
212,egg,en
212,boiled egg,en
212,hard boiled egg,en
213,яичница,ru
213,глазунья,ru
213,жареное яйцо,ru
213,яйцо жареное,ru
213,яичница глазунья,ru
213,fried egg,en
213,sunny side up,en
213,fried eggs,en
214,омлет,ru
214,омлет с молоком,ru
214,болтунья,ru
214,яичница болтунья,ru
214,омлет из двух яиц,ru
214,omelette,en
214,scrambled eggs,en
214,omelet,en
215,фасоль,ru
215,фасоль отварная,ru
215,вареная фасоль,ru
215,фасоль красная отварная,ru
215,фасоль белая отварная,ru
215,boiled beans,en
215,kidney beans,en
215,beans,en
216,фасоль консервированная,ru
216,консервированная фасоль,ru
216,фасоль из банки,ru
216,фасоль в томате,ru
216,фасоль в томатном соусе,ru
216,canned beans,en
216,baked beans,en
217,нут,ru
217,нут отварной,ru
217,нут вареный,ru
217,вареный нут,ru
217,турецкий горох,ru
217,chickpeas,en
217,boiled chickpeas,en
217,garbanzo beans,en
218,чечевица,ru
218,чечевица отварная,ru
218,вареная чечевица,ru
218,чечевица красная отварная,ru
218,чечевичная каша,ru
218,lentils,en
218,boiled lentils,en
218,cooked lentils,en
219,шампиньоны,ru
219,шампиньоны жареные,ru
219,жареные шампиньоны,ru
219,грибы жареные,ru
219,жареные грибы,ru
219,fried mushrooms,en
219,champignons,en
219,sauteed mushrooms,en
220,грецкий орех,ru
220,грецкие орехи,ru
220,орехи грецкие,ru
220,ядра грецкого ореха,ru
220,walnut,en
220,walnuts,en
221,миндаль,ru
221,миндальный орех,ru
221,миндальные орехи,ru
221,миндаль сырой,ru
221,almonds,en
221,almond,en
222,арахис,ru
222,арахис жареный,ru
222,жареный арахис,ru
222,земляной орех,ru
222,арахис соленый,ru
222,peanuts,en
222,roasted peanuts,en
222,peanut,en
223,кешью,ru
223,орехи кешью,ru
223,орех кешью,ru
223,кешью сырой,ru
223,cashews,en
223,cashew nuts,en
223,cashew,en
224,семечки,ru
224,семечки подсолнечные,ru
224,подсолнечные семечки,ru
224,семена подсолнуха,ru
224,семечки жареные,ru
224,Семечки подсолнечные жареные,ru
224,sunflower seeds,en
224,sunflower kernels,en
224,roasted sunflower seeds,en
301,молоко 25,ru
301,молоко 2 5,ru
301,молоко полужирное,ru
301,молоко 2 5 процента,ru
301,"Молоко 2,5%",ru
301,milk 2.5%,en
301,semi skimmed milk,en
301,partly skimmed milk,en
302,молоко,ru
302,молоко 32,ru
302,молоко 3 2,ru
302,молоко коровье,ru
302,цельное молоко,ru
302,"Молоко 3,2%",ru
302,milk,en
302,whole milk,en
302,milk 3.2%,en
302,cow milk,en
303,кефир 1,ru
303,кефир нежирный,ru
303,кефир 1 процент,ru
303,Кефир 1%,ru
303,kefir 1%,en
303,low fat kefir,en
304,кефир,ru
304,кефир 25,ru
304,кефир 2 5,ru
304,кефир 2 5 процента,ru
304,"Кефир 2,5%",ru
304,kefir,en
304,kefir 2.5%,en
305,ряженка,ru
305,ряженка 4,ru
305,варенец,ru
305,ряженка 4 процента,ru
305,Ряженка 4%,ru
305,ryazhenka,en
305,fermented baked milk,en
306,йогурт,ru
306,йогурт натуральный,ru
306,йогурт без сахара,ru
306,йогурт без добавок,ru
306,белый йогурт,ru
306,"Йогурт натуральный 3,2%",ru
306,yogurt,en
306,plain yogurt,en
306,natural yogurt,en
306,unsweetened yogurt,en
307,йогурт питьевой,ru
307,питьевой йогурт,ru
307,фруктовый йогурт,ru
307,йогурт клубничный,ru
307,йогурт сладкий,ru
307,Йогурт питьевой фруктовый,ru
307,drinkable yogurt,en
307,yogurt drink,en
307,fruit yogurt,en
308,творог обезжиренный,ru
308,творог 0,ru
308,творог нежирный,ru
308,творог 0 1,ru
308,Творог обезжиренный 0%,ru
308,nonfat cottage cheese,en
308,fat free quark,en
308,tvorog 0%,en
309,творог,ru
309,творог 5,ru
309,творог 5 процентов,ru
309,творог полужирный,ru
309,Творог 5%,ru
309,cottage cheese,en
309,quark,en
309,tvorog,en
309,curd cheese,en
310,творог 9,ru
310,творог жирный,ru
310,творог домашний,ru
310,творог 9 процентов,ru
310,Творог 9%,ru
310,cottage cheese 9%,en
310,full fat quark,en
311,сметана 15,ru
311,сметана нежирная,ru
311,сметана легкая,ru
311,сметана 15 процентов,ru
311,Сметана 15%,ru
311,sour cream 15%,en
311,light sour cream,en
312,сметана,ru
312,сметана 20,ru
312,сметана жирная,ru
312,сметана 20 процентов,ru
312,Сметана 20%,ru
312,sour cream,en
312,sour cream 20%,en
313,сливки,ru
313,сливки 10,ru
313,сливки для кофе,ru
313,сливки нежирные,ru
313,сливки 11,ru
313,Сливки 10%,ru
313,cream,en
313,light cream,en
313,coffee cream,en
313,cream 10%,en
314,сливки 20,ru
314,сливки жирные,ru
314,сливки для соуса,ru
314,сливки 22,ru
314,Сливки 20%,ru
314,cream 20%,en
314,cooking cream,en
314,single cream,en
315,сыр,ru
315,сыр твердый,ru
315,сыр российский,ru
315,сыр голландский,ru
315,сыр гауда,ru
315,твердый сыр,ru
315,Сыр твёрдый (российский),ru
315,cheese,en
315,hard cheese,en
315,gouda,en
315,russian cheese,en
316,сыр плавленый,ru
316,плавленый сыр,ru
316,сырок плавленый,ru
316,сыр виола,ru
316,хохланд,ru
316,processed cheese,en
316,cheese spread,en
316,spreadable cheese,en
317,моцарелла,ru
317,сыр моцарелла,ru
317,моцарелла в рассоле,ru
317,сыр для пиццы,ru
317,mozzarella,en
317,fresh mozzarella,en
317,pizza cheese,en
318,брынза,ru
318,фета,ru
318,сыр брынза,ru
318,сыр фета,ru
318,фетакса,ru
318,Брынза (фета),ru
318,feta,en
318,brynza,en
318,brined cheese,en
318,white cheese,en
319,масло сливочное,ru
319,сливочное масло,ru
319,масло 82,ru
319,масло на хлеб,ru
319,"Масло сливочное 82,5%",ru
319,butter,en
319,unsalted butter,en
319,butter 82.5%,en
320,мороженое,ru
320,пломбир,ru
320,мороженое пломбир,ru
320,мороженое в стаканчике,ru
320,ice cream,en
320,plombir,en
320,vanilla ice cream,en
321,сгущенка,ru
321,сгущенное молоко,ru
321,молоко сгущенное,ru
321,сгущенка с сахаром,ru
321,вареная сгущенка,ru
321,Молоко сгущённое с сахаром,ru
321,condensed milk,en
321,sweetened condensed milk,en
322,протеиновый коктейль,ru
322,протеиновый шейк,ru
322,коктейль протеиновый,ru
322,протеин на воде,ru
322,Протеиновый коктейль на воде (готовый),ru
322,protein shake,en
322,whey shake,en
322,whey protein drink,en
401,картошка,ru
401,картофель,ru
401,картошка вареная,ru
401,картофель вареный,ru
401,картофель отварной,ru
401,картошка отварная,ru
401,boiled potato,en
401,potato boiled,en
401,potatoes,en
402,картошка жареная,ru
402,жареная картошка,ru
402,картофель жареный,ru
402,жареный картофель,ru
402,картошка на сковороде,ru
402,fried potato,en
402,pan fried potatoes,en
403,пюре,ru
403,картофельное пюре,ru
403,пюре картофельное,ru
403,пюрешка,ru
403,картошка пюре,ru
403,mashed potatoes,en
403,potato mash,en
404,морковь,ru
404,морковка,ru
404,морковь сырая,ru
404,морковка свежая,ru
404,тертая морковь,ru
404,carrot,en
404,raw carrot,en
404,морковь вареная,ru
404,вареная морковь,ru
404,морковь отварная,ru
404,морковка вареная,ru
404,boiled carrot,en
404,cooked carrot,en
406,свекла,ru
406,свекла вареная,ru
406,вареная свекла,ru
406,свекла отварная,ru
406,буряк,ru
406,boiled beet,en
406,beetroot,en
407,капуста,ru
407,капуста белокочанная,ru
407,белокочанная капуста,ru
407,капуста свежая,ru
407,капуста сырая,ru
407,Капуста белокочанная свежая,ru
407,cabbage,en
407,white cabbage,en
407,raw cabbage,en
408,капуста тушеная,ru
408,тушеная капуста,ru
408,тушенная капуста,ru
408,капуста тушеная на масле,ru
408,stewed cabbage,en
408,braised cabbage,en
409,брокколи,ru
409,брокколи вареная,ru
409,брокколи отварная,ru
409,брокколи на пару,ru
409,капуста брокколи,ru
409,broccoli,en
409,boiled broccoli,en
409,steamed broccoli,en
410,огурец,ru
410,огурцы,ru
410,огурец свежий,ru
410,свежий огурец,ru
410,огурчик,ru
410,cucumber,en
410,fresh cucumber,en
411,помидор,ru
411,помидоры,ru
411,томат,ru
411,помидор свежий,ru
411,томаты свежие,ru
411,tomato,en
411,fresh tomato,en
412,перец болгарский,ru
412,болгарский перец,ru
412,сладкий перец,ru
412,перец сладкий,ru
412,паприка свежая,ru
412,Перец болгарский свежий,ru
412,bell pepper,en
412,sweet pepper,en
413,лук,ru
413,лук репчатый,ru
413,репчатый лук,ru
413,луковица,ru
413,лук сырой,ru
413,Лук репчатый сырой,ru
413,onion,en
413,raw onion,en
414,кабачок,ru
414,кабачки,ru
414,кабачок тушеный,ru
414,тушеные кабачки,ru
414,stewed zucchini,en
414,zucchini,en
414,courgette,en
415,авокадо,ru
415,авокадо свежее,ru
415,мякоть авокадо,ru
415,avocado,en
415,hass avocado,en
416,салат листовой,ru
416,листовой салат,ru
416,зеленый салат,ru
416,латук,ru
416,айсберг,ru
416,листья салата,ru
416,lettuce,en
416,leaf lettuce,en
416,salad greens,en
417,укроп,ru
417,укроп свежий,ru
417,свежий укроп,ru
417,зелень укропа,ru
417,пучок укропа,ru
417,dill,en
417,fresh dill,en
418,банан,ru
418,бананы,ru
418,банан свежий,ru
418,банан очищенный,ru
418,banana,en
418,fresh banana,en
419,яблоко,ru
419,яблоки,ru
419,яблоко свежее,ru
419,яблочко,ru
419,яблоко зеленое,ru
419,apple,en
419,fresh apple,en
420,груша,ru
420,груши,ru
420,груша свежая,ru
420,грушка,ru
420,pear,en
420,fresh pear,en
421,апельсин,ru
421,апельсины,ru
421,апельсин свежий,ru
421,апельсин очищенный,ru
421,orange,en
421,fresh orange,en
422,мандарин,ru
422,мандарины,ru
422,мандаринка,ru
422,мандарин очищенный,ru
422,mandarin,en
422,tangerine,en
422,clementine,en
423,киви,ru
423,киви свежий,ru
423,киви очищенный,ru
423,плод киви,ru
423,kiwi,en
423,kiwifruit,en
424,виноград,ru
424,виноград свежий,ru
424,кишмиш,ru
424,гроздь винограда,ru
424,виноград зеленый,ru
424,grapes,en
424,table grapes,en
425,клубника,ru
425,клубника свежая,ru
425,земляника садовая,ru
425,ягоды клубники,ru
425,клубничка,ru
425,strawberry,en
425,strawberries,en
426,арбуз,ru
426,арбуз свежий,ru
426,долька арбуза,ru
426,мякоть арбуза,ru
426,арбуз без корки,ru
426,watermelon,en
426,fresh watermelon,en
501,оливковое масло,ru
501,масло оливковое,ru
501,оливковое,ru
501,масло оливы,ru
501,olive oil,en
501,extra virgin olive oil,en
502,подсолнечное масло,ru
502,масло подсолнечное,ru
502,растительное масло,ru
502,масло растительное,ru
502,постное масло,ru
502,sunflower oil,en
502,vegetable oil,en
503,майонез,ru
503,провансаль,ru
503,майонез провансаль,ru
503,Майонез 67%,ru
503,mayonnaise,en
503,mayo,en
504,кетчуп,ru
504,кетчуп томатный,ru
504,томатный кетчуп,ru
504,томатный соус,ru
504,ketchup,en
504,tomato ketchup,en
505,соевый соус,ru
505,соус соевый,ru
505,соевый,ru
505,soy sauce,en
505,shoyu,en
506,сахар,ru
506,сахарный песок,ru
506,сахар песок,ru
506,сахар белый,ru
506,sugar,en
506,white sugar,en
506,granulated sugar,en
507,мед,ru
507,мед натуральный,ru
507,мед цветочный,ru
507,honey,en
507,natural honey,en
508,варенье,ru
508,джем,ru
508,повидло,ru
508,конфитюр,ru
508,jam,en
508,fruit jam,en
508,preserves,en
509,молочный шоколад,ru
509,шоколад молочный,ru
509,шоколад,ru
509,шоколадка,ru
509,milk chocolate,en
509,chocolate bar,en
510,горький шоколад,ru
510,шоколад горький,ru
510,темный шоколад,ru
510,черный шоколад,ru
510,dark chocolate,en
510,bitter chocolate,en
511,конфеты,ru
511,конфета,ru
511,шоколадные конфеты,ru
511,конфеты шоколадные,ru
511,chocolate candy,en
511,chocolates,en
512,печенье,ru
512,печеньки,ru
512,печенюшки,ru
512,печенье сахарное,ru
512,cookies,en
512,biscuits,en
512,sugar cookies,en
513,вафли,ru
513,вафля,ru
513,вафельки,ru
513,вафли с начинкой,ru
513,waffles,en
513,wafers,en
514,торт,ru
514,тортик,ru
514,бисквитный торт,ru
514,торт с кремом,ru
514,Торт бисквитный с кремом,ru
514,cake,en
514,sponge cake,en
515,круассан,ru
515,круасан,ru
515,круассаны,ru
515,круассан с маслом,ru
515,croissant,en
515,butter croissant,en
516,чипсы,ru
516,чипсики,ru
516,картофельные чипсы,ru
516,чипсы картофельные,ru
516,potato chips,en
516,crisps,en
517,попкорн,ru
517,поп корн,ru
517,воздушная кукуруза,ru
517,попкорн соленый,ru
517,popcorn,en
517,salted popcorn,en
518,кола,ru
518,кока кола,ru
518,пепси,ru
518,газировка,ru
518,cola,en
518,coca cola,en
518,soda,en
519,апельсиновый сок,ru
519,сок апельсиновый,ru
519,сок из апельсина,ru
519,апельсиновый фреш,ru
519,orange juice,en
519,oj,en
520,кофе,ru
520,черный кофе,ru
520,кофе без сахара,ru
520,американо,ru
520,эспрессо,ru
520,Кофе чёрный без сахара,ru
520,black coffee,en
520,coffee,en
520,americano,en
521,кофе с молоком,ru
521,латте,ru
521,капучино,ru
521,кофе латте,ru
521,Кофе с молоком без сахара,ru
521,coffee with milk,en
521,latte,en
521,cappuccino,en
522,чай,ru
522,чай без сахара,ru
522,черный чай,ru
522,зеленый чай,ru
522,tea,en
522,black tea,en
522,green tea,en
523,пиво,ru
523,пиво светлое,ru
523,светлое пиво,ru
523,пивко,ru
523,beer,en
523,lager,en
524,вино,ru
524,сухое вино,ru
524,вино сухое,ru
524,красное вино,ru
524,белое вино,ru
524,dry wine,en
524,red wine,en
524,wine,en
601,суп,ru
601,куриный суп,ru
601,суп с лапшой,ru
601,куриная лапша,ru
601,суп куриный с лапшой,ru
601,chicken noodle soup,en
601,noodle soup,en
601,chicken soup,en
602,борщ,ru
602,борщик,ru
602,борщ с мясом,ru
602,красный борщ,ru
602,борщ украинский,ru
602,borscht,en
602,borsch,en
602,beet soup,en
603,щи,ru
603,щи из капусты,ru
603,капустный суп,ru
603,щи кислые,ru
603,щи мясные,ru
603,shchi,en
603,cabbage soup,en
603,russian cabbage soup,en
604,солянка,ru
604,солянка мясная,ru
604,суп солянка,ru
604,сборная солянка,ru
604,solyanka,en
604,meat solyanka,en
604,mixed meat soup,en
605,уха,ru
605,рыбный суп,ru
605,уха из рыбы,ru
605,суп из рыбы,ru
605,уха рыбацкая,ru
605,ukha,en
605,fish soup,en
605,russian fish soup,en
606,грибной суп,ru
606,суп пюре грибной,ru
606,крем суп грибной,ru
606,грибной крем суп,ru
606,суп из грибов,ru
606,Суп-пюре грибной,ru
606,mushroom soup,en
606,cream of mushroom soup,en
606,mushroom puree soup,en
607,рассольник,ru
607,рассольник ленинградский,ru
607,суп с огурцами,ru
607,рассольник с перловкой,ru
607,rassolnik,en
607,pickle soup,en
607,barley pickle soup,en
608,пельмени,ru
608,пельмешки,ru
608,пельмени отварные,ru
608,вареные пельмени,ru
608,пельмени с мясом,ru
608,pelmeni,en
608,boiled pelmeni,en
608,meat dumplings,en
609,вареники,ru
609,вареники с картошкой,ru
609,вареники с картофелем,ru
609,картофельные вареники,ru
609,vareniki,en
609,potato vareniki,en
609,potato dumplings,en
610,плов,ru
610,плов с курицей,ru
610,куриный плов,ru
610,узбекский плов,ru
610,plov,en
610,chicken pilaf,en
610,pilaf,en
611,голубцы,ru
611,голубец,ru
611,голубцы с мясом,ru
611,капустные голубцы,ru
611,golubtsy,en
611,stuffed cabbage rolls,en
611,cabbage rolls,en
612,гречка с курицей,ru
612,гречка с курой,ru
612,куриная гречка,ru
612,греча с курицей,ru
612,гречка и курица,ru
612,buckwheat with chicken,en
612,grechka with chicken,en
612,chicken buckwheat,en
613,макароны по флотски,ru
613,макароны с фаршем,ru
613,паста по флотски,ru
613,спагетти с фаршем,ru
613,Макароны по-флотски,ru
613,navy style pasta,en
613,pasta with ground beef,en
613,macaroni with minced meat,en
614,пюре с котлетой,ru
614,картофельное пюре с котлетой,ru
614,котлета с пюре,ru
614,пюре и котлета,ru
614,картошка пюре с котлетой,ru
614,mashed potatoes with cutlet,en
614,mashed potato and patty,en
614,cutlet with mashed potatoes,en
621,пицца,ru
621,пицца пепперони,ru
621,пепперони,ru
621,пеперони,ru
621,пицца с колбасой,ru
621,pizza,en
621,pepperoni pizza,en
621,pizza pepperoni,en
622,пицца маргарита,ru
622,маргарита,ru
622,пицца с сыром,ru
622,сырная пицца,ru
622,margherita pizza,en
622,pizza margherita,en
622,margarita pizza,en
623,чизбургер,ru
623,бургер,ru
623,чиз бургер,ru
623,гамбургер с сыром,ru
623,бургер с сыром,ru
623,cheeseburger,en
623,burger,en
623,cheese burger,en
624,гамбургер,ru
624,бургер без сыра,ru
624,котлета в булке,ru
624,булка с котлетой,ru
624,hamburger,en
624,plain burger,en
624,beef burger,en
625,шаурма,ru
625,шаверма,ru
625,шаурма с курицей,ru
625,шаурма куриная,ru
625,донер,ru
625,shawarma,en
625,chicken shawarma,en
625,doner,en
626,хот дог,ru
626,хотдог,ru
626,сосиска в булке,ru
626,хот дог с сосиской,ru
626,Хот-дог,ru
626,hot dog,en
626,hotdog,en
626,sausage in bun,en
627,картофель фри,ru
627,картошка фри,ru
627,фри,ru
627,картоха фри,ru
627,french fries,en
627,fries,en
627,potato fries,en
628,наггетсы,ru
628,куриные наггетсы,ru
628,нагетсы,ru
628,наггетсы куриные,ru
628,chicken nuggets,en
628,nuggets,en
628,fried chicken nuggets,en
629,блины,ru
629,блины со сметаной,ru
629,блинчики,ru
629,блинчики со сметаной,ru
629,блины сметана,ru
629,pancakes with sour cream,en
629,blini,en
629,crepes with sour cream,en
630,сырники,ru
630,сырник,ru
630,творожники,ru
630,сырники из творога,ru
630,syrniki,en
630,cottage cheese pancakes,en
630,curd fritters,en
631,оладьи,ru
631,оладушки,ru
631,оладьи на кефире,ru
631,оладьи пышные,ru
631,oladyi,en
631,small pancakes,en
631,kefir pancakes,en
632,вода,ru
632,вода питьевая,ru
632,питьевая вода,ru
632,вода негазированная,ru
632,минералка без газа,ru
632,water,en
632,drinking water,en
632,still water,en
633,компот,ru
633,компот из сухофруктов,ru
633,узвар,ru
633,компот сухофрукты,ru
633,dried fruit compote,en
633,compote,en
633,uzvar,en
634,смузи,ru
634,смузи ягодный,ru
634,ягодный смузи,ru
634,смузи из ягод,ru
634,berry smoothie,en
634,smoothie,en
634,berry shake,en
1001,оливье,ru
1001,салат оливье,ru
1001,столичный салат,ru
1001,зимний салат,ru
1002,винегрет,ru
1002,винигрет,ru
1002,салат винегрет,ru
1002,винегрет с маслом,ru
1003,мимоза,ru
1003,салат мимоза,ru
1003,мимоза с сайрой,ru
1003,мимоза с рыбой,ru
1004,цезарь,ru
1004,салат цезарь,ru
1004,цезарь с курицей,ru
1004,цезарь с курой,ru
1004,caesar salad,en
1005,греческий салат,ru
1005,салат греческий,ru
1005,греческий,ru
1005,хорьятики,ru
1005,greek salad,en
1006,крабовый салат,ru
1006,салат с крабовыми палочками,ru
1006,крабовый,ru
1006,салат крабовый,ru
1007,шуба,ru
1007,селедка под шубой,ru
1007,сельдь под шубой,ru
1007,салат шуба,ru
1008,овощной салат,ru
1008,салат овощной,ru
1008,салат из овощей,ru
1008,салат с маслом,ru
1008,салат овощной с маслом,ru
1009,салат из капусты,ru
1009,капустный салат,ru
1009,капуста с морковью,ru
1009,салат из свежей капусты,ru
1010,морковь по корейски,ru
1010,корейская морковь,ru
1010,морковча,ru
1010,морковка по корейски,ru
1010,морковь по-корейски,ru
1011,баклажаны по корейски,ru
1011,корейские баклажаны,ru
1011,баклажан по корейски,ru
1011,острые баклажаны,ru
1011,баклажаны по-корейски,ru
1012,соленые огурцы,ru
1012,маринованные огурцы,ru
1012,малосольные огурцы,ru
1012,огурчики,ru
1012,огурцы соленые,ru
1013,квашеная капуста,ru
1013,кислая капуста,ru
1013,капуста квашеная,ru
1013,капуста соленая,ru
1014,маринованные грибы,ru
1014,грибы маринованные,ru
1014,опята маринованные,ru
1014,шампиньоны маринованные,ru
1015,оливки,ru
1015,маслины,ru
1015,оливки без косточек,ru
1015,маслины черные,ru
1015,olives,en
1016,сало,ru
1016,сало соленое,ru
1016,шпик,ru
1016,сало свиное,ru
1017,холодец,ru
1017,студень,ru
1017,холодец свиной,ru
1017,холодец из курицы,ru
1018,заливное,ru
1018,заливное из рыбы,ru
1018,рыбное заливное,ru
1018,заливная рыба,ru
1019,паштет,ru
1019,паштет печеночный,ru
1019,печеночный паштет,ru
1019,ливерный паштет,ru
1020,бутерброд с сыром,ru
1020,бутер с сыром,ru
1020,хлеб с сыром,ru
1020,сырный бутерброд,ru
1021,бутерброд с колбасой,ru
1021,бутер с колбасой,ru
1021,хлеб с колбасой,ru
1021,бутерброд с ветчиной,ru
1022,тарталетки,ru
1022,тарталетка,ru
1022,тарталетки с салатом,ru
1022,корзиночки с салатом,ru
1023,канапе,ru
1023,канапе с сыром,ru
1023,канапе на шпажках,ru
1023,канапе с колбасой,ru
1024,кабачковая икра,ru
1024,икра кабачковая,ru
1024,икра из кабачков,ru
1024,кабачковая икра банка,ru
1025,баклажанная икра,ru
1025,икра баклажанная,ru
1025,икра из баклажанов,ru
1025,икра заморская,ru
1026,хумус,ru
1026,хумус из нута,ru
1026,паста из нута,ru
1026,hummus,en
1027,тарама,ru
1027,тарамасалата,ru
1027,тарамосалата,ru
1027,паста из икры,ru
1028,форшмак,ru
1028,форшмак из сельди,ru
1028,селедочный паштет,ru
1028,рубленая селедка,ru
1029,салат с тунцом,ru
1029,салат из тунца,ru
1029,тунцовый салат,ru
1030,салат с креветками,ru
1030,креветочный салат,ru
1030,салат из креветок,ru
1031,руккола с пармезаном,ru
1031,рукола с пармезаном,ru
1031,салат руккола,ru
1031,руккола с сыром,ru
1032,капрезе,ru
1032,салат капрезе,ru
1032,помидоры с моцареллой,ru
1032,помидоры с сыром,ru
1032,caprese,en
1033,свекла с чесноком,ru
1033,свекольный салат,ru
1033,салат из свеклы,ru
1033,свекла с майонезом,ru
1034,редиска со сметаной,ru
1034,редис со сметаной,ru
1034,салат из редиски,ru
1034,салат с редиской,ru
1035,огурцы с помидорами,ru
1035,салат из огурцов и помидоров,ru
1035,салат со сметаной,ru
1035,летний салат,ru
1036,морская капуста,ru
1036,салат из морской капусты,ru
1036,ламинария,ru
1036,капуста морская,ru
1037,фаршированные яйца,ru
1037,яйца фаршированные,ru
1037,яйца с сыром,ru
1037,яйца с икрой,ru
1038,мясная нарезка,ru
1038,нарезка мясная,ru
1038,мясное ассорти,ru
1038,колбасная нарезка,ru
1039,салат с кальмарами,ru
1039,салат из кальмаров,ru
1039,кальмаровый салат,ru
1040,бадриджани,ru
1040,рулетики из баклажанов,ru
1040,баклажаны с орехами,ru
1040,баклажанные рулетики,ru
1041,грибная икра,ru
1041,икра грибная,ru
1041,икра из грибов,ru
1042,аджапсандал,ru
1042,аджапсандали,ru
1042,аджабсандал,ru
1042,баклажаны по грузински,ru
1043,пхали,ru
1043,пхали из шпината,ru
1043,пхали из свеклы,ru
1043,пхали с орехами,ru
1044,лобио,ru
1044,лобио из фасоли,ru
1044,фасоль по грузински,ru
1044,красная фасоль с орехами,ru
1045,фунчоза,ru
1045,салат с фунчозой,ru
1045,фунчоза с овощами,ru
1045,стеклянная лапша салат,ru
1101,картофель запеченный,ru
1101,печеная картошка,ru
1101,картошка в духовке,ru
1101,запеченный картофель,ru
1101,картофель печеный,ru
1101,baked potato,en
1101,oven potato,en
1102,картофель по деревенски,ru
1102,картошка по деревенски,ru
1102,деревенская картошка,ru
1102,картофельные дольки,ru
1102,картофель айдахо,ru
1102,картофель по-деревенски,ru
1102,potato wedges,en
1102,country potatoes,en
1103,картошка тушеная,ru
1103,тушеный картофель,ru
1103,картофель тушеный с луком,ru
1103,тушеная картошка,ru
1103,картофель тушеный,ru
1103,stewed potatoes,en
1103,braised potato,en
1104,драники,ru
1104,деруны,ru
1104,картофельные оладьи,ru
1104,картофельные драники,ru
1104,оладьи из картошки,ru
1104,potato pancakes,en
1104,draniki,en
1104,latkes,en
1105,кукуруза консервированная,ru
1105,консервированная кукуруза,ru
1105,кукуруза из банки,ru
1105,сладкая кукуруза,ru
1105,кукуруза в салат,ru
1105,canned corn,en
1105,sweet corn,en
1106,крокеты,ru
1106,картофельные крокеты,ru
1106,крокеты картофельные,ru
1106,картофельные шарики,ru
1106,potato croquettes,en
1107,запеканка картофельная,ru
1107,картофельная запеканка,ru
1107,запеканка из картошки,ru
1107,картофельный гратен,ru
1107,potato casserole,en
1107,potato gratin,en
1108,картошка с грибами,ru
1108,картофель с грибами,ru
1108,жареная картошка с грибами,ru
1108,картошка жареная с грибами,ru
1108,potatoes with mushrooms,en
1109,батат,ru
1109,сладкий картофель,ru
1109,батат запеченный,ru
1109,запеченный батат,ru
1109,батат в духовке,ru
1109,sweet potato,en
1109,baked sweet potato,en
1110,рагу овощное,ru
1110,овощное рагу,ru
1110,рагу из овощей,ru
1110,тушеные овощи,ru
1110,vegetable stew,en
1111,рататуй,ru
1111,ротатуй,ru
1111,рататуй овощной,ru
1111,овощи рататуй,ru
1111,ratatouille,en
1112,лечо,ru
1112,лечо из перца,ru
1112,перец в томате,ru
1112,лечо болгарское,ru
1112,lecho,en
1112,pepper tomato stew,en
1113,овощи гриль,ru
1113,гриль овощи,ru
1113,овощи на гриле,ru
1113,овощи запеченные на гриле,ru
1113,grilled vegetables,en
1114,овощи на пару,ru
1114,паровые овощи,ru
1114,овощная смесь на пару,ru
1114,овощи паровые,ru
1114,steamed vegetables,en
1114,vegetable mix,en
1115,запеканка овощная,ru
1115,овощная запеканка,ru
1115,запеканка из овощей,ru
1115,овощной гратен,ru
1115,vegetable casserole,en
1115,vegetable bake,en
1116,цветная капуста запеченная,ru
1116,запеченная цветная капуста,ru
1116,цветная капуста в духовке,ru
1116,цветная капуста с сыром,ru
1116,baked cauliflower,en
1116,roasted cauliflower,en
1117,цветная капуста в кляре,ru
1117,цветная капуста жареная,ru
1117,жареная цветная капуста,ru
1117,цветная капуста в сухарях,ru
1117,battered cauliflower,en
1117,fried cauliflower,en
1118,брокколи запеченная,ru
1118,запеченная брокколи,ru
1118,брокколи в духовке,ru
1118,брокколи с сыром,ru
1118,baked broccoli,en
1118,roasted broccoli,en
1119,брюссельская капуста,ru
1119,брюсельская капуста,ru
1119,капуста брюссельская,ru
1119,брюсселька,ru
1119,brussels sprouts,en
1120,котлеты капустные,ru
1120,капустные котлеты,ru
1120,котлеты из капусты,ru
1120,капустники,ru
1120,cabbage cutlets,en
1120,cabbage patties,en
1121,кабачки жареные,ru
1121,жареные кабачки,ru
1121,кабачок жареный,ru
1121,цукини жареные,ru
1121,fried zucchini,en
1122,кабачки в кляре,ru
1122,кабачки в панировке,ru
1122,кабачки жареные в кляре,ru
1122,цукини в кляре,ru
1122,battered zucchini,en
1123,оладьи из кабачков,ru
1123,кабачковые оладьи,ru
1123,драники из кабачков,ru
1123,кабачковые котлеты,ru
1123,zucchini fritters,en
1024,кабачковая икра из банки,ru
1024,zucchini caviar,en
1024,squash spread,en
1125,баклажаны запеченные,ru
1125,запеченные баклажаны,ru
1125,баклажан в духовке,ru
1125,баклажаны гриль,ru
1125,baked eggplant,en
1125,roasted aubergine,en
1127,морковь тушеная,ru
1127,тушеная морковь,ru
1127,морковка тушеная,ru
1127,морковь с маслом тушеная,ru
1127,stewed carrots,en
1127,braised carrot,en
1128,морковные котлеты,ru
1128,котлеты из моркови,ru
1128,котлеты морковные,ru
1128,морковники,ru
1128,carrot cutlets,en
1128,carrot patties,en
1130,свекла тушеная,ru
1130,тушеная свекла,ru
1130,свекла с маслом тушеная,ru
1130,буряк тушеный,ru
1130,stewed beets,en
1131,репа,ru
1131,репа печеная,ru
1131,печеная репа,ru
1131,репа в духовке,ru
1131,репа запеченная,ru
1131,turnip,en
1131,baked turnip,en
1132,топинамбур,ru
1132,земляная груша,ru
1132,иерусалимский артишок,ru
1132,топинамбур клубни,ru
1132,jerusalem artichoke,en
1132,sunchoke,en
1133,стручковая фасоль,ru
1133,зеленая фасоль,ru
1133,фасоль стручковая,ru
1133,спаржевая фасоль,ru
1133,green beans,en
1133,string beans,en
1134,зеленый горошек,ru
1134,горошек,ru
1134,горошек консервированный,ru
1134,горошек из банки,ru
1134,консервированный горошек,ru
1134,green peas,en
1134,canned peas,en
1135,кукуруза вареная,ru
1135,вареная кукуруза,ru
1135,початок кукурузы,ru
1135,кукуруза в початках,ru
1135,boiled corn,en
1135,corn on the cob,en
1136,спаржа,ru
1136,спаржа на пару,ru
1136,спаржа вареная,ru
1136,зеленая спаржа,ru
1136,asparagus,en
1136,steamed asparagus,en
1137,шпинат тушеный,ru
1137,тушеный шпинат,ru
1137,шпинат с чесноком,ru
1137,шпинат жареный,ru
1137,stewed spinach,en
1137,sauteed spinach,en
1138,грибы в сметане,ru
1138,шампиньоны в сметане,ru
1138,грибы тушеные в сметане,ru
1138,тушеные грибы,ru
1138,mushrooms in sour cream,en
1138,stewed mushrooms,en
1139,помидоры жареные,ru
1139,жареные помидоры,ru
1139,томаты жареные,ru
1139,помидоры на сковороде,ru
1139,fried tomatoes,en
1140,лук жареный,ru
1140,жареный лук,ru
1140,лук пассерованный,ru
1140,луковая зажарка,ru
1140,fried onion,en
1140,caramelized onion,en
1141,перец фаршированный,ru
1141,фаршированный перец,ru
1141,перцы фаршированные,ru
1141,перец с овощами и рисом,ru
1141,перец фаршированный овощами,ru
1141,stuffed pepper with vegetables,en
1142,гороховое пюре,ru
1142,пюре гороховое,ru
1142,каша гороховая,ru
1142,горох вареный,ru
1142,pea puree,en
1142,mashed peas,en
1143,нут жареный,ru
1143,жареный нут,ru
1143,хрустящий нут,ru
1143,нут запеченный,ru
1143,нут снек,ru
1143,roasted chickpeas,en
1143,crispy chickpeas,en
1144,шпинат со сливками,ru
1144,шпинат в сливочном соусе,ru
1144,сливочный шпинат,ru
1144,шпинат в сливках,ru
1144,creamed spinach,en
1145,свекольные котлеты,ru
1145,котлеты из свеклы,ru
1145,котлеты свекольные,ru
1145,свекольники,ru
1145,beet cutlets,en
1145,beet patties,en
1201,бефстроганов,ru
1201,беф строганов,ru
1201,бефстроганов из говядины,ru
1201,говядина в сметанном соусе,ru
1201,мясо по строгановски,ru
1201,beef stroganoff,en
1201,stroganoff,en
1202,гуляш,ru
1202,гуляш говяжий,ru
1202,гуляш из говядины,ru
1202,говядина гуляш,ru
1202,гуляш с подливой,ru
1202,beef goulash,en
1202,goulash,en
1203,тефтели,ru
1203,тефтели в соусе,ru
1203,тефтели в томатном соусе,ru
1203,тефтели с подливой,ru
1203,фрикадельки мясные,ru
1203,meatballs in sauce,en
1203,meatballs,en
1204,отбивная,ru
1204,отбивная свиная,ru
1204,отбивные из свинины,ru
1204,свинина отбивная,ru
1204,breaded pork chop,en
1205,буженина,ru
1205,буженина запеченная,ru
1205,буженина домашняя,ru
1205,свинина запеченная куском,ru
1205,буженина из свинины,ru
1205,buzhenina,en
1205,baked pork,en
1206,котлета по киевски,ru
1206,по киевски,ru
1206,киевская котлета,ru
1206,котлета киевская,ru
1206,куриная котлета по киевски,ru
1206,котлета по-киевски,ru
1206,chicken kiev,en
1206,kiev cutlet,en
1207,куриная отбивная,ru
1207,отбивная из курицы,ru
1207,шницель куриный,ru
1207,куриный шницель,ru
1207,курица в кляре,ru
1207,chicken chop,en
1207,chicken schnitzel,en
1208,чахохбили,ru
1208,чахохбили из курицы,ru
1208,курица в томатном соусе,ru
1208,курица тушеная в томате,ru
1208,чахохбили по грузински,ru
1208,chakhokhbili,en
1208,georgian chicken stew,en
1209,курица терияки,ru
1209,терияки,ru
1209,куриное филе терияки,ru
1209,курица в соусе терияки,ru
1209,цыпленок терияки,ru
1209,chicken teriyaki,en
1209,teriyaki chicken,en
1210,свиные ребра,ru
1210,ребрышки,ru
1210,ребрышки свиные,ru
1210,ребра гриль,ru
1210,ребра барбекю,ru
1210,ребра свиные гриль,ru
1210,pork ribs,en
1210,grilled ribs,en
1210,bbq ribs,en
1211,утка,ru
1211,утка запеченная,ru
1211,утка в духовке,ru
1211,утка с яблоками,ru
1211,roast duck,en
1211,baked duck,en
1212,мясо по французски,ru
1212,по французски,ru
1212,свинина по французски,ru
1212,мясо под сыром,ru
1212,мясо по французски с сыром,ru
1212,мясо по-французски,ru
1212,meat french style,en
1212,pork baked with cheese,en
1213,азу,ru
1213,азу по татарски,ru
1213,азу из говядины,ru
1213,азу мясное,ru
1213,азу с картошкой,ru
1213,azu,en
1213,tatar beef stew,en
1214,жаркое,ru
1214,жаркое по домашнему,ru
1214,мясо с картошкой тушеное,ru
1214,жаркое с картошкой,ru
1214,картошка с мясом тушеная,ru
1214,meat and potato stew,en
1214,zharkoe,en
1215,рагу,ru
1215,рагу мясное,ru
1215,мясное рагу,ru
1215,рагу с овощами,ru
1215,тушеное мясо с овощами,ru
1215,meat ragout,en
1215,meat vegetable stew,en
1216,мясной рулет,ru
1216,рулет мясной,ru
1216,рулет из фарша,ru
1216,мясной хлеб,ru
1216,рулет с начинкой мясной,ru
1216,meatloaf,en
1216,meat roll,en
1217,зразы,ru
1217,зразы мясные,ru
1217,мясные зразы,ru
1217,зразы из фарша,ru
1217,зразы с яйцом,ru
1217,meat zrazy,en
1217,stuffed meat patty,en
1218,люля кебаб,ru
1218,люля,ru
1218,кебаб,ru
1218,люля кебаб из баранины,ru
1218,кебаб на шампуре,ru
1218,люля-кебаб,ru
1218,lyulya kebab,en
1218,kebab,en
1219,баранина,ru
1219,баранина тушеная,ru
1219,тушеная баранина,ru
1219,мясо баранина,ru
1219,stewed lamb,en
1219,braised mutton,en
1220,колбаски гриль,ru
1220,колбаски,ru
1220,купаты,ru
1220,колбаски на мангале,ru
1220,баварские колбаски,ru
1220,grilled sausages,en
1220,bratwurst,en
1221,кролик,ru
1221,кролик тушеный,ru
1221,крольчатина,ru
1221,мясо кролика,ru
1221,stewed rabbit,en
1221,braised rabbit,en
1222,стейк тунца,ru
1222,стейк из тунца,ru
1222,тунец гриль,ru
1222,тунец жареный,ru
1222,тунец стейк,ru
1222,tuna steak,en
1222,grilled tuna,en
1223,рыба в кляре,ru
1223,филе рыбы в кляре,ru
1223,минтай в кляре,ru
1223,треска в кляре,ru
1223,рыба жареная в кляре,ru
1223,fish in batter,en
1223,battered fish,en
1224,рыба запеченная,ru
1224,запеченная рыба,ru
1224,рыба в духовке,ru
1224,белая рыба запеченная,ru
1224,baked fish,en
1224,oven baked white fish,en
1225,рыбные котлеты,ru
1225,котлета рыбная,ru
1225,котлеты из рыбы,ru
1225,рыбная котлета,ru
1225,котлеты из фарша рыбного,ru
1225,котлеты рыбные,ru
1225,fish cutlets,en
1225,fish patties,en
1226,треска жареная,ru
1226,жареная треска,ru
1226,треска на сковороде,ru
1226,треска в муке,ru
1226,треска жареная филе,ru
1226,fried cod,en
1226,pan fried cod,en
1227,судак,ru
1227,судак жареный,ru
1227,жареный судак,ru
1227,судак на сковороде,ru
1227,филе судака,ru
1227,fried pike perch,en
1227,zander,en
1228,карп,ru
1228,карп жареный,ru
1228,жареный карп,ru
1228,карп в муке,ru
1228,сазан жареный,ru
1228,fried carp,en
1228,pan fried carp,en
1229,щука,ru
1229,щука отварная,ru
1229,щука вареная,ru
1229,филе щуки,ru
1229,boiled pike,en
1229,pike fish,en
1230,палтус,ru
1230,палтус запеченный,ru
1230,палтус в духовке,ru
1230,стейк палтуса,ru
1230,baked halibut,en
1230,halibut,en
1231,дорадо,ru
1231,дорада,ru
1231,дорадо запеченная,ru
1231,дорада запеченная,ru
1231,дорадо на гриле,ru
1231,baked dorado,en
1231,gilthead bream,en
1232,сибас,ru
1232,сибас запеченный,ru
1232,сибас на гриле,ru
1232,лаврак,ru
1232,baked sea bass,en
1232,seabass,en
1233,камбала,ru
1233,камбала жареная,ru
1233,жареная камбала,ru
1233,камбала на сковороде,ru
1233,филе камбалы,ru
1233,fried flounder,en
1233,pan fried plaice,en
1234,хек,ru
1234,хек отварной,ru
1234,хек вареный,ru
1234,хек на пару,ru
1234,boiled hake,en
1234,steamed hake,en
1235,горбуша,ru
1235,горбуша запеченная,ru
1235,горбуша в духовке,ru
1235,горбуша на гриле,ru
1235,baked pink salmon,en
1235,pink salmon,en
1236,рыба под маринадом,ru
1236,минтай под маринадом,ru
1236,рыба с морковью и луком,ru
1236,рыба в маринаде,ru
1236,треска под маринадом,ru
1236,fish under marinade,en
1236,fish with carrot onion marinade,en
1237,минтай отварной,ru
1237,минтай вареный,ru
1237,минтай на пару,ru
1237,филе минтая отварное,ru
1237,boiled pollock,en
1237,steamed pollock,en
1238,мидии,ru
1238,мидии отварные,ru
1238,мидии вареные,ru
1238,мясо мидий,ru
1238,мидии в раковинах,ru
1238,cooked mussels,en
1238,mussels,en
1239,устрицы,ru
1239,устрица,ru
1239,устрицы свежие,ru
1239,устрицы сырые,ru
1239,мясо устриц,ru
1239,oysters,en
1239,raw oysters,en
1240,краб,ru
1240,крабовое мясо,ru
1240,мясо краба,ru
1240,краб отварной,ru
1240,камчатский краб,ru
1240,crab meat,en
1240,boiled crab,en
1241,крабовые палочки,ru
1241,крабовая палочка,ru
1241,палочки крабовые,ru
1241,сурими,ru
1241,крабовое мясо имитация,ru
1241,crab sticks,en
1241,surimi sticks,en
1242,сайра,ru
1242,сайра консервированная,ru
1242,сайра в масле,ru
1242,консервы сайра,ru
1242,сайра бланшированная,ru
1242,canned saury,en
1242,saury in oil,en
1243,шпроты,ru
1243,шпроты в масле,ru
1243,шпроты консервы,ru
1243,килька копченая в масле,ru
1243,шпроты рижские,ru
1243,sprats in oil,en
1243,canned sprats,en
1244,тушенка,ru
1244,тушенка говяжья,ru
1244,говядина тушеная консервы,ru
1244,canned beef stew,en
1244,tushenka,en
1245,печень трески,ru
1245,печень трески консервы,ru
1245,печень трески в масле,ru
1245,тресковая печень,ru
1245,печень трески натуральная,ru
1245,cod liver canned,en
1245,cod liver in oil,en
1301,пирожок с картошкой,ru
1301,пирожок с картофелем,ru
1301,пирожок картофельный,ru
1301,жареный пирожок с картошкой,ru
1301,пирожок,ru
1301,potato hand pie,en
1301,pirozhok with potato,en
1302,пирожок с капустой,ru
1302,пирожок капустный,ru
1302,пирожки с капустой,ru
1302,жареный пирожок с капустой,ru
1302,cabbage hand pie,en
1303,пирожок с мясом,ru
1303,мясной пирожок,ru
1303,пирожок с фаршем,ru
1303,пирожки с мясом,ru
1303,meat hand pie,en
1304,пирожок с яйцом и луком,ru
1304,пирожок с луком и яйцом,ru
1304,пирожок с яйцом,ru
1304,пирожок луковый,ru
1304,egg and onion hand pie,en
1305,пирожок с повидлом,ru
1305,пирожок с вареньем,ru
1305,сладкий пирожок,ru
1305,пирожок с джемом,ru
1305,jam hand pie,en
1306,беляш,ru
1306,беляши,ru
1306,беляш с мясом,ru
1306,перемяч,ru
1306,belyash,en
1306,fried meat pie,en
1307,чебурек,ru
1307,чебуреки,ru
1307,чебурек с мясом,ru
1307,чибурек,ru
1307,cheburek,en
1308,самса,ru
1308,сомса,ru
1308,самса с мясом,ru
1308,самса слоеная,ru
1308,samsa,en
1308,samosa uzbek,en
1309,эчпочмак,ru
1309,учпочмак,ru
1309,треугольник татарский,ru
1309,эчпочмак с мясом,ru
1309,echpochmak,en
1310,хачапури по аджарски,ru
1310,хачапури,ru
1310,аджарский хачапури,ru
1310,хачапури с яйцом,ru
1310,аджарули,ru
1310,хачапури по-аджарски,ru
1310,adjarian khachapuri,en
1311,хачапури по имеретински,ru
1311,имеретинский хачапури,ru
1311,хачапури с сыром,ru
1311,хачапури закрытый,ru
1311,хачапури по-имеретински,ru
1311,imeretian khachapuri,en
1312,лепешка,ru
1312,лепешка узбекская,ru
1312,тандырная лепешка,ru
1312,нон,ru
1312,uzbek flatbread,en
1312,lepeshka,en
1313,фокачча,ru
1313,фокача,ru
1313,фокачча с розмарином,ru
1313,итальянская лепешка,ru
1313,focaccia,en
1314,чиабатта,ru
1314,чабатта,ru
1314,чиабата,ru
1314,хлеб чиабатта,ru
1314,ciabatta,en
1315,булочка с маком,ru
1315,булка с маком,ru
1315,маковая булочка,ru
1315,плюшка с маком,ru
1315,poppy seed bun,en
1316,сосиска в тесте,ru
1316,сосиски в тесте,ru
1316,сосиска в слоеном тесте,ru
1316,слойка с сосиской,ru
1316,sausage roll,en
1317,слойка с сыром,ru
1317,слойка,ru
1317,слоенка с сыром,ru
1317,слоеный пирожок с сыром,ru
1317,cheese puff pastry,en
1318,слойка с мясом,ru
1318,слоенка с мясом,ru
1318,слойка с фаршем,ru
1318,слоеный пирожок с мясом,ru
1318,meat puff pastry,en
1319,кулебяка,ru
1319,кулебяка с мясом,ru
1319,пирог кулебяка,ru
1319,кулибяка,ru
1319,kulebyaka,en
1320,расстегай,ru
1320,растегай,ru
1320,расстегай с рыбой,ru
1320,расстегаи,ru
1320,rasstegai,en
1321,ватрушка,ru
1321,ватрушка с творогом,ru
1321,ватрушки,ru
1321,творожная ватрушка,ru
1321,vatrushka,en
1321,cheese danish,en
1322,пицца четыре сыра,ru
1322,пицца 4 сыра,ru
1322,четыре сыра,ru
1322,пицца сырная,ru
1322,four cheese pizza,en
1323,пицца гавайская,ru
1323,гавайская пицца,ru
1323,пицца с ананасом,ru
1323,гавайская,ru
1323,hawaiian pizza,en
1324,пицца мясная,ru
1324,мясная пицца,ru
1324,пицца с мясом,ru
1324,пицца мясное ассорти,ru
1324,meat pizza,en
1325,кальцоне,ru
1325,кальцонэ,ru
1325,закрытая пицца,ru
1325,кальцоне с ветчиной,ru
1325,calzone,en
1326,киш,ru
1326,киш лорен,ru
1326,пирог киш,ru
1326,открытый пирог киш,ru
1326,quiche,en
1326,quiche lorraine,en
1327,пирог с рыбой,ru
1327,рыбный пирог,ru
1327,пирог с горбушей,ru
1327,рыбник,ru
1327,fish pie,en
1328,пирог с грибами,ru
1328,грибной пирог,ru
1328,пирог с шампиньонами,ru
1328,пирог с грибами и картошкой,ru
1328,mushroom pie,en
1329,пирог с курицей,ru
1329,куриный пирог,ru
1329,пирог с курицей и картошкой,ru
1329,курник,ru
1329,chicken pie,en
1330,пирог с капустой,ru
1330,капустный пирог,ru
1330,пирог с капустой и яйцом,ru
1330,закрытый пирог с капустой,ru
1330,cabbage pie,en
1331,шарлотка,ru
1331,шарлотка с яблоками,ru
1331,яблочный пирог,ru
1331,пирог с яблоками,ru
1331,пирог шарлотка,ru
1331,apple charlotte,en
1331,apple sponge pie,en
1332,бублик,ru
1332,бублики,ru
1332,бейгл,ru
1332,бублик с маком,ru
1332,bagel,en
1333,сушки,ru
1333,сушка,ru
1333,баранки,ru
1333,сушки ванильные,ru
1333,sushki,en
1333,dry bread rings,en
1334,крекеры,ru
1334,крекер,ru
1334,соленые крекеры,ru
1334,печенье крекер,ru
1334,crackers,en
1334,saltine crackers,en
1335,гренки,ru
1335,гренки с чесноком,ru
1335,гренки ржаные,ru
1335,сухарики к пиву,ru
1335,croutons,en
1335,fried bread croutons,en
1020,бутерброд,ru
1020,cheese sandwich open,en
1337,сэндвич с ветчиной,ru
1337,сендвич с ветчиной,ru
1337,сэндвич,ru
1337,ham sandwich,en
1338,сэндвич с курицей,ru
1338,сендвич с курицей,ru
1338,куриный сэндвич,ru
1338,сэндвич с курой,ru
1338,chicken sandwich,en
1339,круассан с ветчиной,ru
1339,круассан с ветчиной и сыром,ru
1339,круассан с сыром,ru
1339,сэндвич круассан,ru
1339,ham croissant,en
1340,бургер с курицей,ru
1340,чикенбургер,ru
1340,куриный бургер,ru
1340,чикен бургер,ru
1340,гамбургер с курицей,ru
1340,chicken burger,en
1340,chickenburger,en
1341,панини,ru
1341,панини с ветчиной и сыром,ru
1341,горячий сэндвич,ru
1341,сэндвич панини,ru
1341,panini,en
1342,брускетта,ru
1342,брусхетта,ru
1342,брускетты,ru
1342,брускетта с томатами,ru
1342,bruschetta,en
1343,пита,ru
1343,питта,ru
1343,хлеб пита,ru
1343,пита греческая,ru
1343,pita bread,en
1344,тортилья,ru
1344,тортилла,ru
1344,тортилья пшеничная,ru
1344,лепешка тортилья,ru
1344,tortilla,en
1344,flour tortilla,en
1345,наан,ru
1345,нан,ru
1345,лепешка наан,ru
1345,индийская лепешка,ru
1345,naan,en
1401,пончик,ru
1401,пончики,ru
1401,донат,ru
1401,пышка,ru
1401,пончик с сахаром,ru
1401,donut,en
1401,doughnut,en
1402,кекс,ru
1402,кексик,ru
1402,кекс с изюмом,ru
1402,кекс столичный,ru
1402,pound cake,en
1403,маффин,ru
1403,маффин шоколадный,ru
1403,шоколадный маффин,ru
1403,капкейк,ru
1403,маффин с шоколадом,ru
1403,chocolate muffin,en
1403,cupcake,en
1404,эклер,ru
1404,эклеры,ru
1404,заварное пирожное,ru
1404,пирожное эклер,ru
1404,eclair,en
1405,профитроли,ru
1405,профитроль,ru
1405,шу,ru
1405,заварные шарики,ru
1405,profiteroles,en
1406,тирамису,ru
1406,тирамиссу,ru
1406,десерт тирамису,ru
1406,tiramisu,en
1407,чизкейк,ru
1407,чиз кейк,ru
1407,творожный торт,ru
1407,нью йорк чизкейк,ru
1407,cheesecake,en
1408,медовик,ru
1408,медовый торт,ru
1408,торт медовик,ru
1408,медовик со сметаной,ru
1408,honey cake,en
1409,наполеон,ru
1409,торт наполеон,ru
1409,слоеный торт,ru
1409,наполеон с кремом,ru
1409,napoleon cake,en
1409,mille feuille,en
1410,прага,ru
1410,торт прага,ru
1410,пражский торт,ru
1410,шоколадный торт прага,ru
1410,prague cake,en
1411,птичье молоко,ru
1411,торт птичье молоко,ru
1411,суфлейный торт,ru
1411,птичка,ru
1411,bird milk cake,en
1412,бельгийские вафли,ru
1412,вафли бельгийские,ru
1412,венские вафли,ru
1412,мягкие вафли,ru
1412,belgian waffle,en
1413,зефир,ru
1413,зефирка,ru
1413,зефирки,ru
1413,маршмеллоу,ru
1413,маршмелоу,ru
1413,zefir,en
1413,marshmallow,en
1414,пастила,ru
1414,пастилка,ru
1414,яблочная пастила,ru
1414,белевская пастила,ru
1414,pastila,en
1415,мармелад,ru
1415,мармеладки,ru
1415,жевательный мармелад,ru
1415,мармелад дольки,ru
1415,marmalade candy,en
1415,gummy,en
1416,халва,ru
1416,халва подсолнечная,ru
1416,подсолнечная халва,ru
1416,халва тахинная,ru
1416,halva,en
1417,щербет,ru
1417,шербет,ru
1417,щербет с орехами,ru
1417,сливочный щербет,ru
1417,sherbet candy,en
1418,рахат лукум,ru
1418,лукум,ru
1418,рахатлукум,ru
1418,турецкий лукум,ru
1418,рахат-лукум,ru
1418,turkish delight,en
1418,lokum,en
1419,нуга,ru
1419,нуга с орехами,ru
1419,нуга батончик,ru
1419,белая нуга,ru
1419,nougat,en
1420,козинаки,ru
1420,козинак,ru
1420,грильяж семечки,ru
1420,козинаки из семечек,ru
1420,kozinaki,en
1420,seed brittle,en
1421,чак чак,ru
1421,чакчак,ru
1421,татарский чак чак,ru
1421,чак чак с медом,ru
1421,чак-чак,ru
1421,chak chak,en
1422,пахлава,ru
1422,баклава,ru
1422,пахлава медовая,ru
1422,пахлава с орехами,ru
1422,baklava,en
1423,трубочка со сгущенкой,ru
1423,вафельная трубочка,ru
1423,трубочки вафельные,ru
1423,трубочка сгущенка,ru
1423,wafer roll,en
1424,безе,ru
1424,меренга,ru
1424,меренги,ru
1424,пирожное безе,ru
1424,meringue,en
1425,картошка пирожное,ru
1425,пирожное картошка,ru
1425,бисквитная картошка,ru
1425,картошка с какао,ru
1425,potato cake,en
1426,творожное кольцо,ru
1426,кольцо с творогом,ru
1426,заварное кольцо,ru
1426,творожное колечко,ru
1426,curd ring,en
1427,шоколадный батончик,ru
1427,сникерс,ru
1427,батончик,ru
1427,марс,ru
1427,твикс,ru
1427,snickers,en
1428,глазированный сырок,ru
1428,сырок,ru
1428,творожный сырок,ru
1428,сырок в шоколаде,ru
1428,сырок глазированный,ru
1428,glazed curd bar,en
1429,ирис,ru
1429,ириски,ru
1429,конфеты ирис,ru
1429,кис кис,ru
1429,toffee,en
1430,карамель,ru
1430,леденцы,ru
1430,леденец,ru
1430,монпансье,ru
1430,чупа чупс,ru
1430,карамель леденцовая,ru
1430,hard candy,en
1430,lollipop,en
1431,шоколадная паста,ru
1431,нутелла,ru
1431,ореховая паста шоколадная,ru
1431,паста шоколадная,ru
1431,nutella,en
1431,chocolate spread,en
1432,варенка,ru
1433,эскимо,ru
1433,мороженое эскимо,ru
1433,мороженое в глазури,ru
1433,мороженое на палочке,ru
1433,ice cream bar,en
1434,фруктовый лед,ru
1434,мороженое фруктовый лед,ru
1434,лед на палочке,ru
1434,фруктовое мороженое,ru
1434,ice pop,en
1434,popsicle,en
1435,сорбет,ru
1435,сорбэ,ru
1435,ягодный сорбет,ru
1435,лимонный сорбет,ru
1435,sorbet,en
1436,желе,ru
1436,желе фруктовое,ru
1436,желе из сока,ru
1436,ягодное желе,ru
1436,jelly dessert,en
1437,пудинг,ru
1437,пудинг ванильный,ru
1437,молочный пудинг,ru
1437,ванильный пудинг,ru
1437,vanilla pudding,en
1438,творожная запеканка,ru
1438,запеканка творожная,ru
1438,запеканка из творога,ru
1438,творожник,ru
1438,curd casserole,en
1439,рисовая запеканка,ru
1439,запеканка рисовая,ru
1439,запеканка из риса,ru
1439,сладкая рисовая запеканка,ru
1439,rice pudding bake,en
1440,манник,ru
1440,манник на кефире,ru
1440,пирог манник,ru
1440,манный пирог,ru
1440,semolina cake,en
1442,штрудель,ru
1442,штрудель яблочный,ru
1442,яблочный штрудель,ru
1442,струдель,ru
1442,apple strudel,en
1443,пряник,ru
1443,пряники,ru
1443,мятный пряник,ru
1443,тульский пряник,ru
1443,gingerbread,en
1443,pryanik,en
1444,рулет бисквитный,ru
1444,бисквитный рулет,ru
1444,рулет с джемом,ru
1444,рулет с вареньем,ru
1444,swiss roll,en
1445,панна котта,ru
1445,паннакотта,ru
1445,панакота,ru
1445,сливочный десерт,ru
1445,панна-котта,ru
1445,panna cotta,en
1501,гранат,ru
1501,гранаты,ru
1501,зерна граната,ru
1501,гранат свежий,ru
1501,гранатовые зерна,ru
1501,pomegranate,en
1501,pomegranate arils,en
1502,хурма,ru
1502,королек,ru
1502,хурма королек,ru
1502,персимон,ru
1502,хурма свежая,ru
1502,persimmon,en
1502,kaki fruit,en
1503,ананас,ru
1503,ананасы,ru
1503,ананас свежий,ru
1503,свежий ананас,ru
1503,мякоть ананаса,ru
1503,pineapple,en
1503,fresh pineapple,en
1504,манго,ru
1504,манго свежее,ru
1504,плод манго,ru
1504,манго спелое,ru
1504,мякоть манго,ru
1504,mango,en
1504,fresh mango,en
1505,персик,ru
1505,персики,ru
1505,персик свежий,ru
1505,свежий персик,ru
1505,peach,en
1505,fresh peach,en
1506,нектарин,ru
1506,нектарины,ru
1506,нектаринка,ru
1506,нектарин свежий,ru
1506,nectarine,en
1507,абрикос,ru
1507,абрикосы,ru
1507,абрикоска,ru
1507,свежие абрикосы,ru
1507,абрикос свежий,ru
1507,apricot,en
1507,fresh apricot,en
1508,слива,ru
1508,сливы,ru
1508,слива свежая,ru
1508,венгерка,ru
1508,свежие сливы,ru
1508,plum,en
1508,fresh plum,en
1509,черешня,ru
1509,черешни,ru
1509,черешня свежая,ru
1509,сладкая вишня,ru
1509,ягоды черешни,ru
1509,sweet cherry,en
1509,cherries sweet,en
1510,вишня,ru
1510,вишни,ru
1510,вишенка,ru
1510,вишня замороженная,ru
1510,ягоды вишни,ru
1510,вишня свежая,ru
1510,sour cherry,en
1510,tart cherry,en
1511,айва,ru
1511,айва свежая,ru
1511,плод айвы,ru
1511,айва японская,ru
1511,quince,en
1512,инжир,ru
1512,инжир свежий,ru
1512,свежий инжир,ru
1512,фига,ru
1512,смоква,ru
1512,fig,en
1512,fresh figs,en
1513,фейхоа,ru
1513,фейхуа,ru
1513,фейхоя,ru
1513,фейхоа свежая,ru
1513,feijoa,en
1513,pineapple guava,en
1514,грейпфрут,ru
1514,грепфрут,ru
1514,грейфрут,ru
1514,грейпфрукт,ru
1514,грейпфруты,ru
1514,grapefruit,en
1515,помело,ru
1515,памела,ru
1515,помелло,ru
1515,шеддок,ru
1515,помело свежее,ru
1515,pomelo,en
1515,pummelo,en
1516,лимон,ru
1516,лимоны,ru
1516,лимончик,ru
1516,лимон свежий,ru
1516,долька лимона,ru
1516,lemon,en
1516,fresh lemon,en
1517,лайм,ru
1517,лаймы,ru
1517,лайм свежий,ru
1517,зеленый лимон,ru
1517,lime,en
1517,fresh lime,en
1518,папайя,ru
1518,папая,ru
1518,папайа,ru
1518,папайя свежая,ru
1518,мякоть папайи,ru
1518,papaya,en
1519,маракуйя,ru
1519,маракуя,ru
1519,маракуйа,ru
1519,пассифлора,ru
1519,плод маракуйи,ru
1519,passion fruit,en
1519,maracuja,en
1520,личи,ru
1520,личжи,ru
1520,лиджи,ru
1520,личи свежие,ru
1520,lychee,en
1520,litchi,en
1521,кокос,ru
1521,мякоть кокоса,ru
1521,кокосовый орех,ru
1521,кокосовая мякоть,ru
1521,coconut,en
1521,coconut meat,en
1522,смородина,ru
1522,черная смородина,ru
1522,смородина черная,ru
1522,красная смородина,ru
1522,смородина красная,ru
1522,ягоды смородины,ru
1522,currant,en
1522,blackcurrant,en
1523,крыжовник,ru
1523,крыжовник свежий,ru
1523,агрус,ru
1523,крыжевник,ru
1523,ягоды крыжовника,ru
1523,gooseberry,en
1523,gooseberries,en
1524,ежевика,ru
1524,ежевика свежая,ru
1524,ажина,ru
1524,еживика,ru
1524,ягоды ежевики,ru
1524,blackberry,en
1524,blackberries,en
1525,голубика,ru
1525,голубика садовая,ru
1525,голубица,ru
1525,гонобобель,ru
1525,ягоды голубики,ru
1525,blueberry,en
1525,highbush blueberry,en
1526,брусника,ru
1526,брусничка,ru
1526,брусника свежая,ru
1526,ягоды брусники,ru
1526,lingonberry,en
1526,cowberry,en
1527,клюква,ru
1527,клюковка,ru
1527,клюква свежая,ru
1527,ягоды клюквы,ru
1527,клюква замороженная,ru
1527,cranberry,en
1527,cranberries,en
1528,облепиха,ru
1528,облепиха свежая,ru
1528,ягоды облепихи,ru
1528,облипиха,ru
1528,sea buckthorn,en
1528,sea buckthorn berries,en
1529,кизил,ru
1529,кизиль,ru
1529,кизил свежий,ru
1529,ягоды кизила,ru
1529,cornelian cherry,en
1529,dogwood berries,en
1530,шиповник,ru
1530,плоды шиповника,ru
1530,ягоды шиповника,ru
1530,шиповник свежий,ru
1530,rosehip,en
1530,rose hips,en
1531,черноплодка,ru
1531,арония,ru
1531,черноплодная рябина,ru
1531,рябина черноплодная,ru
1531,черная рябина,ru
1531,chokeberry,en
1531,aronia,en
1532,шелковица,ru
1532,тутовник,ru
1532,тута,ru
1532,тутовая ягода,ru
1532,шелковица свежая,ru
1532,mulberry,en
1532,mulberries,en
1533,финики,ru
1533,финик,ru
1533,сушеные финики,ru
1533,финики сушеные,ru
1533,вяленые финики,ru
1533,dates,en
1533,dried dates,en
1534,курага,ru
1534,сушеные абрикосы,ru
1534,абрикосы сушеные,ru
1534,урюк,ru
1534,абрикос сушеный,ru
1534,dried apricots,en
1534,apricots dried,en
1535,чернослив,ru
1535,сушеная слива,ru
1535,слива сушеная,ru
1535,черносливы,ru
1535,вяленый чернослив,ru
1535,prunes,en
1535,dried plums,en
1536,изюм,ru
1536,виноград сушеный,ru
1536,сушеный виноград,ru
1536,изюминки,ru
1536,изюм светлый,ru
1536,raisins,en
1536,sultanas,en
1537,инжир сушеный,ru
1537,сушеный инжир,ru
1537,вяленый инжир,ru
1537,сушеная фига,ru
1537,инжир вяленый,ru
1537,dried figs,en
1537,figs dried,en
1538,сушеные яблоки,ru
1538,яблоки сушеные,ru
1538,яблочная сушка,ru
1538,сушка яблочная,ru
1538,яблоко сушеное,ru
1538,dried apples,en
1538,apple chips dried,en
1539,сушеный банан,ru
1539,сушеные бананы,ru
1539,бананы сушеные,ru
1539,вяленые бананы,ru
1539,банан вяленый,ru
1539,банан сушеный,ru
1539,dried banana,en
1539,banana dried,en
1540,сушеное манго,ru
1540,манго сушеное,ru
1540,вяленое манго,ru
1540,манго вяленое,ru
1540,сухое манго,ru
1540,dried mango,en
1540,mango dried,en
1541,сушеная клюква,ru
1541,клюква сушеная,ru
1541,вяленая клюква,ru
1541,клюква вяленая,ru
1541,dried cranberries,en
1541,craisins,en
1542,цукаты,ru
1542,цукаты фруктовые,ru
1542,фруктовые цукаты,ru
1542,засахаренные фрукты,ru
1542,цукаты ананасовые,ru
1542,candied fruit,en
1542,candied peel,en
1543,ананас консервированный,ru
1543,консервированный ананас,ru
1543,ананасы в сиропе,ru
1543,ананас из банки,ru
1543,ананасы консервированные,ru
1543,canned pineapple,en
1543,pineapple in syrup,en
1544,персики консервированные,ru
1544,консервированные персики,ru
1544,персики в сиропе,ru
1544,персик из банки,ru
1544,персики из банки,ru
1544,canned peaches,en
1544,peaches in syrup,en
1545,замороженные ягоды,ru
1545,ягоды замороженные,ru
1545,ягодная смесь,ru
1545,ягодное ассорти,ru
1545,смесь ягод,ru
1545,frozen berries,en
1545,mixed berries,en
1601,редис,ru
1601,редиска,ru
1601,редиски,ru
1601,свежий редис,ru
1601,radish,en
1602,редька,ru
1602,черная редька,ru
1602,редька черная,ru
1602,зеленая редька,ru
1602,black radish,en
1131,репка,ru
1131,репа свежая,ru
1131,турнепс,ru
1604,корень сельдерея,ru
1604,сельдерей корневой,ru
1604,корневой сельдерей,ru
1604,сельдерей корень,ru
1604,celeriac,en
1604,celery root,en
1605,сельдерей,ru
1605,стебель сельдерея,ru
1605,сельдерей стеблевой,ru
1605,черешковый сельдерей,ru
1605,стебли сельдерея,ru
1605,celery,en
1136,спаржа свежая,ru
1136,стебли спаржи,ru
1607,шпинат,ru
1607,шпинат свежий,ru
1607,листья шпината,ru
1607,шпинат листовой,ru
1607,spinach,en
1608,руккола,ru
1608,рукола,ru
1608,аругула,ru
1608,arugula,en
1608,rocket,en
1609,салат айсберг,ru
1609,капуста айсберг,ru
1609,листья айсберга,ru
1609,iceberg lettuce,en
1610,пекинская капуста,ru
1610,пекинка,ru
1610,капуста пекинская,ru
1610,китайская капуста,ru
1610,napa cabbage,en
1611,краснокочанная капуста,ru
1611,красная капуста,ru
1611,капуста красная,ru
1611,краснокочанка,ru
1611,капуста краснокочанная,ru
1611,red cabbage,en
1613,кольраби,ru
1613,капуста кольраби,ru
1613,кольраби свежая,ru
1613,kohlrabi,en
1109,сладкая картошка,ru
1132,топинамбур свежий,ru
1616,чеснок,ru
1616,зубчик чеснока,ru
1616,чеснок свежий,ru
1616,долька чеснока,ru
1616,garlic,en
1617,имбирь,ru
1617,корень имбиря,ru
1617,имбирь свежий,ru
1617,тертый имбирь,ru
1617,ginger,en
1618,хрен,ru
1618,корень хрена,ru
1618,тертый хрен,ru
1618,хрен свежий,ru
1618,horseradish,en
1619,цукини,ru
1619,цуккини,ru
1619,кабачок цукини,ru
1619,кабачок свежий,ru
1620,патиссон,ru
1620,патиссоны,ru
1620,тарельчатая тыква,ru
1620,патиссон свежий,ru
1620,pattypan squash,en
1621,перец чили,ru
1621,чили,ru
1621,острый перец,ru
1621,красный острый перец,ru
1621,халапеньо,ru
1621,chili pepper,en
1622,огурцы маринованные,ru
1622,корнишоны,ru
1622,pickled cucumbers,en
1622,pickles,en
1010,морковь корейская,ru
1010,korean carrot salad,en
1626,зеленый лук,ru
1626,лук зеленый,ru
1626,перо лука,ru
1626,перья лука,ru
1626,green onion,en
1626,scallion,en
1627,порей,ru
1627,лук порей,ru
1627,лук порей свежий,ru
1627,порей стебель,ru
1627,leek,en
1628,петрушка,ru
1628,зелень петрушки,ru
1628,петрушка свежая,ru
1628,рубленая петрушка,ru
1628,parsley,en
1629,кинза,ru
1629,зелень кинзы,ru
1629,кинза свежая,ru
1629,кориандр зелень,ru
1629,cilantro,en
1629,coriander,en
1630,базилик,ru
1630,базилик свежий,ru
1630,зеленый базилик,ru
1630,листья базилика,ru
1630,basil,en
1631,мята,ru
1631,мята свежая,ru
1631,листья мяты,ru
1631,мята перечная,ru
1631,mint,en
1632,щавель,ru
1632,щавель свежий,ru
1632,листья щавеля,ru
1632,зелень щавеля,ru
1632,sorrel,en
1633,тыква,ru
1633,тыква сырая,ru
1633,тыква свежая,ru
1633,мякоть тыквы,ru
1633,pumpkin raw,en
1105,кукуруза,ru
1636,зеленые оливки,ru
1636,оливки зеленые,ru
1636,green olives,en
1637,черные маслины,ru
1637,черные оливки,ru
1637,маслины без косточек,ru
1637,black olives,en
1638,каперсы,ru
1638,каперсы маринованные,ru
1638,каперсы в рассоле,ru
1638,каперс,ru
1638,capers,en
1639,шампиньоны сырые,ru
1639,свежие шампиньоны,ru
1639,грибы шампиньоны,ru
1639,raw mushrooms,en
1639,champignon,en
1640,вешенки,ru
1640,вешенка,ru
1640,грибы вешенки,ru
1640,вешенки свежие,ru
1640,oyster mushrooms,en
1641,белые грибы,ru
1641,боровик,ru
1641,белый гриб,ru
1641,грибы белые,ru
1641,porcini,en
1641,cep,en
1642,лисички,ru
1642,лисичка,ru
1642,грибы лисички,ru
1642,лисички свежие,ru
1642,chanterelles,en
1643,опята,ru
1643,опенок,ru
1643,грибы опята,ru
1643,опята свежие,ru
1643,honey mushrooms,en
1645,водоросли,ru
1645,seaweed,en
1645,kelp,en
1701,гауда,ru
1701,гауда сыр,ru
1701,гаудa сыр голландский,ru
1701,gouda cheese,en
1702,чеддер,ru
1702,сыр чеддер,ru
1702,чедер,ru
1702,чеддар,ru
1702,cheddar,en
1702,cheddar cheese,en
1703,пармезан,ru
1703,сыр пармезан,ru
1703,пармеджано,ru
1703,пармезан тертый,ru
1703,пармизан,ru
1703,parmesan,en
1703,parmigiano,en
1704,маасдам,ru
1704,сыр маасдам,ru
1704,масдам,ru
1704,маздам,ru
1704,maasdam,en
1705,камамбер,ru
1705,сыр камамбер,ru
1705,сыр с белой плесенью,ru
1705,бри,ru
1705,камамбер сыр,ru
1705,camembert,en
1705,brie,en
1706,дор блю,ru
1706,сыр с плесенью,ru
1706,голубой сыр,ru
1706,дорблю,ru
1706,горгонзола,ru
1706,рокфор,ru
1706,сыр с голубой плесенью,ru
1706,blue cheese,en
1706,dor blu,en
1706,gorgonzola,en
1707,сулугуни,ru
1707,сыр сулугуни,ru
1707,сулугуни копченый,ru
1707,сулугуни сыр,ru
1707,suluguni,en
1708,адыгейский,ru
1708,адыгейский сыр,ru
1708,сыр адыгейский,ru
1708,адыгейка,ru
1708,adygei cheese,en
1709,косичка,ru
1709,чечил,ru
1709,сыр косичка,ru
1709,копченая косичка,ru
1709,чечил копченый,ru
1709,chechil,en
1709,string cheese,en
1710,рикотта,ru
1710,сыр рикотта,ru
1710,рикота,ru
1710,ricotta,en
1711,маскарпоне,ru
1711,сыр маскарпоне,ru
1711,маскорпоне,ru
1711,маскарпоне сыр,ru
1711,mascarpone,en
1712,творожный сыр,ru
1712,сыр творожный,ru
1712,филадельфия,ru
1712,альметте,ru
1712,крем сыр,ru
1712,cream cheese,en
1712,philadelphia,en
1713,козий сыр,ru
1713,сыр козий,ru
1713,шевр,ru
1713,сыр из козьего молока,ru
1713,goat cheese,en
1713,chevre,en
1714,колбасный сыр,ru
1714,сыр колбасный,ru
1714,копченый сыр,ru
1714,колбасный копченый,ru
1714,сыр колбасный копченый,ru
1714,smoked processed cheese,en
1715,халуми,ru
1715,сыр халуми,ru
1715,халлуми,ru
1715,сыр для гриля,ru
1715,сыр гриль,ru
1715,halloumi,en
1716,зерненый творог,ru
1716,творог зерненый,ru
1716,коттедж,ru
1716,творог в сливках,ru
1716,зерновой творог,ru
1428,сырок в глазури,ru
1428,сырок александров,ru
1718,творожок,ru
1718,детский творожок,ru
1718,агуша,ru
1718,растишка,ru
1718,творожок фруктовый,ru
1718,творожок детский,ru
1718,kids curd snack,en
1719,греческий йогурт,ru
1719,йогурт греческий,ru
1719,теос,ru
1719,йогурт по гречески,ru
1719,greek yogurt,en
1720,обезжиренный йогурт,ru
1720,йогурт обезжиренный,ru
1720,йогурт 0,ru
1720,йогурт без жира,ru
1720,nonfat yogurt,en
1721,айран,ru
1721,тан,ru
1721,айран тан,ru
1721,напиток айран,ru
1721,ayran,en
1721,tan,en
1722,кумыс,ru
1722,кобылье молоко,ru
1722,кумыс напиток,ru
1722,кумис,ru
1722,kumis,en
1723,простокваша,ru
1723,кислое молоко,ru
1723,простокваша домашняя,ru
1723,простокваша 32,ru
1723,soured milk,en
1724,варенец 25,ru
1724,топленая простокваша,ru
1724,varenets,en
1725,снежок,ru
1725,снежок сладкий,ru
1725,снежок кисломолочный,ru
1725,снежок напиток,ru
1725,snezhok,en
1726,сливки 33,ru
1726,сливки для взбивания,ru
1726,сливки 35,ru
1726,сливки 30,ru
1726,сливки 33%,ru
1726,heavy cream,en
1727,взбитые сливки,ru
1727,сливки взбитые,ru
1727,сливки из баллончика,ru
1727,шантильи,ru
1727,whipped cream,en
1432,сгущенное с сахаром,ru
1729,сухое молоко,ru
1729,молоко сухое,ru
1729,молочный порошок,ru
1729,сухое цельное молоко,ru
1729,milk powder,en
1730,топленое молоко,ru
1730,молоко топленое,ru
1730,топленка,ru
1730,молоко топленое 4,ru
1730,baked milk,en
1731,безлактозное молоко,ru
1731,молоко без лактозы,ru
1731,молоко безлактозное,ru
1731,без лактозы,ru
1731,lactose free milk,en
1732,козье молоко,ru
1732,молоко козье,ru
1732,козье,ru
1732,молоко от козы,ru
1732,goat milk,en
1733,обезжиренное молоко,ru
1733,молоко обезжиренное,ru
1733,молоко 05,ru
1733,молоко 0,ru
1733,нежирное молоко,ru
1733,skim milk,en
1734,cottage cheese casserole,en
1735,актимель,ru
1735,актимел,ru
1735,имунеле,ru
1735,йогурт актимель,ru
1735,мини йогурт,ru
1735,actimel,en
1736,сметана 10,ru
1736,сметана 10 процентов,ru
1736,сметана 10%,ru
1736,sour cream 10,en
1737,сметана 30,ru
1737,сметана домашняя,ru
1737,сметана 25,ru
1737,густая сметана,ru
1737,сметана 30%,ru
1737,sour cream 30,en
1738,топленое масло,ru
1738,масло топленое,ru
1738,гхи,ru
1738,ги,ru
1738,масло гхи,ru
1738,ghee,en
1738,clarified butter,en
1739,спред,ru
1739,спред растительный,ru
1739,масло спред,ru
1739,спред бутербродный,ru
1739,spread,en
1740,маргарин,ru
1740,маргарин для выпечки,ru
1740,маргарин сливочный,ru
1740,маргарин столовый,ru
1740,margarine,en
1741,сыворотка,ru
1741,молочная сыворотка,ru
1741,сыворотка молочная,ru
1741,творожная сыворотка,ru
1741,whey,en
1742,овсяное молоко,ru
1742,молоко овсяное,ru
1742,оатли,ru
1742,овсяный напиток,ru
1742,oat milk,en
1743,миндальное молоко,ru
1743,молоко миндальное,ru
1743,миндальный напиток,ru
1743,алмонд милк,ru
1743,almond milk,en
1744,соевое молоко,ru
1744,молоко соевое,ru
1744,соевый напиток,ru
1744,соя напиток,ru
1744,soy milk,en
1745,кокосовое молоко,ru
1745,молоко кокосовое,ru
1745,кокосовые сливки,ru
1745,кокос молоко,ru
1745,coconut milk,en
1801,сок яблочный,ru
1801,яблочный сок,ru
1801,сок из яблок,ru
1801,яблочный фреш,ru
1801,apple juice,en
1802,сок томатный,ru
1802,томатный сок,ru
1802,сок из помидоров,ru
1802,помидорный сок,ru
1802,tomato juice,en
1803,сок виноградный,ru
1803,виноградный сок,ru
1803,сок из винограда,ru
1803,grape juice,en
1804,мультифрукт,ru
1804,сок мультифрукт,ru
1804,мультифруктовый сок,ru
1804,сок мультифруктовый,ru
1804,multifruit juice,en
1805,сок вишневый,ru
1805,вишневый сок,ru
1805,сок из вишни,ru
1805,cherry juice,en
1806,сок персиковый,ru
1806,персиковый сок,ru
1806,персиковый нектар,ru
1806,нектар персиковый,ru
1806,peach juice,en
1806,peach nectar,en
1807,сок гранатовый,ru
1807,гранатовый сок,ru
1807,сок граната,ru
1807,гранатовый фреш,ru
1807,pomegranate juice,en
1808,морс,ru
1808,морс клюквенный,ru
1808,клюквенный морс,ru
1808,морс из клюквы,ru
1808,cranberry drink,en
1809,морс брусничный,ru
1809,брусничный морс,ru
1809,морс из брусники,ru
1809,lingonberry drink,en
1810,компот яблочный,ru
1810,яблочный компот,ru
1810,компот из яблок,ru
1810,apple compote drink,en
1811,кисель,ru
1811,кисель ягодный,ru
1811,ягодный кисель,ru
1811,кисель из крахмала,ru
1811,kissel,en
1812,квас,ru
1812,квас хлебный,ru
1812,хлебный квас,ru
1812,квас ржаной,ru
1812,kvass,en
1813,лимонад,ru
1813,ситро,ru
1813,дюшес,ru
1813,сладкая газировка,ru
1813,lemonade,en
1814,спрайт,ru
1814,севен ап,ru
1814,7 ап,ru
1814,газировка лимон лайм,ru
1814,sprite,en
1814,7up,en
1815,фанта,ru
1815,миринда,ru
1815,апельсиновая газировка,ru
1815,газировка апельсин,ru
1815,fanta,en
1815,orange soda,en
1816,тоник,ru
1816,швепс,ru
1816,тоник швепс,ru
1816,газировка тоник,ru
1816,tonic water,en
1816,schweppes,en
1817,энергетик,ru
1817,ред булл,ru
1817,берн,ru
1817,энергетический напиток,ru
1817,адреналин раш,ru
1817,energy drink,en
1817,red bull,en
1818,минералка,ru
1818,вода минеральная,ru
1818,минеральная вода,ru
1818,боржоми,ru
1818,ессентуки,ru
1818,газированная вода,ru
1818,mineral water,en
1818,sparkling water,en
1819,кола без сахара,ru
1819,кола зеро,ru
1819,кока кола зеро,ru
1819,пепси лайт,ru
1819,диетическая кола,ru
1819,diet cola,en
1819,coke zero,en
1820,чай с сахаром,ru
1820,сладкий чай,ru
1820,чай сладкий,ru
1820,черный чай с сахаром,ru
1820,tea with sugar,en
1821,чай с молоком,ru
1821,молочный чай,ru
1821,чай на молоке,ru
1821,tea with milk,en
1822,чай с лимоном,ru
1822,лимонный чай,ru
1822,чай лимон,ru
1822,чай с долькой лимона,ru
1822,tea with lemon,en
1823,зеленый чай с медом,ru
1823,чай с медом,ru
1823,медовый чай,ru
1823,green tea with honey,en
1824,какао,ru
1824,какао на молоке,ru
1824,какао с молоком,ru
1824,несквик,ru
1824,какао напиток,ru
1824,cocoa with milk,en
1825,горячий шоколад,ru
1825,шоколад горячий,ru
1825,густой шоколад напиток,ru
1825,hot chocolate,en
1826,латте на молоке,ru
1826,лате,ru
1826,caffe latte,en
1827,каппучино,ru
1827,кофе капучино,ru
1827,капуч,ru
1828,раф,ru
1828,раф кофе,ru
1828,кофе раф,ru
1828,раф ванильный,ru
1828,raf coffee,en
1829,флэт уайт,ru
1829,флет уайт,ru
1829,флэтуайт,ru
1829,кофе флэт уайт,ru
1829,flat white,en
1830,мокко,ru
1830,мокачино,ru
1830,моккачино,ru
1830,кофе мокко,ru
1830,mocha,en
1830,mochaccino,en
1831,эспрессо двойной,ru
1831,двойной эспрессо,ru
1831,допио,ru
1831,экспрессо,ru
1831,double espresso,en
1831,doppio,en
1832,кофе с сахаром,ru
1832,сладкий кофе,ru
1832,кофе сладкий,ru
1832,растворимый кофе с сахаром,ru
1832,coffee with sugar,en
1833,кофе 3 в 1,ru
1833,три в одном,ru
1833,кофе три в одном,ru
1833,нескафе 3 в 1,ru
1833,кофе в стике,ru
1833,3 in 1 coffee,en
1834,молочный коктейль,ru
1834,милкшейк,ru
1834,коктейль молочный,ru
1834,шейк,ru
1834,milkshake,en
1835,смузи банановый,ru
1835,банановый смузи,ru
1835,смузи с бананом,ru
1835,банановый коктейль,ru
1835,banana smoothie,en
1836,смузи зеленый,ru
1836,зеленый смузи,ru
1836,смузи из шпината,ru
1836,детокс смузи,ru
1836,green smoothie,en
1837,айс кофе,ru
1837,холодный кофе,ru
1837,ледяной кофе,ru
1837,айс латте,ru
1837,айс-кофе,ru
1837,iced coffee,en
1837,iced latte,en
1838,матча,ru
1838,матча латте,ru
1838,зеленый латте,ru
1838,матча на молоке,ru
1838,matcha latte,en
1839,цикорий,ru
1839,цикорий растворимый,ru
1839,напиток цикорий,ru
1839,кофе из цикория,ru
1839,chicory drink,en
1840,каркаде,ru
1840,чай каркаде,ru
1840,гибискус,ru
1840,красный чай,ru
1840,hibiscus tea,en
1840,karkade,en
1841,травяной чай,ru
1841,чай травяной,ru
1841,ромашковый чай,ru
1841,мятный чай,ru
1841,чай из трав,ru
1841,herbal tea,en
1842,имбирный чай,ru
1842,чай с имбирем,ru
1842,имбирный напиток,ru
1842,имбирь лимон мед,ru
1842,ginger tea,en
1843,лимонная вода,ru
1843,вода с лимоном,ru
1843,детокс вода,ru
1843,вода лимон,ru
1843,lemon water,en
1844,кокосовая вода,ru
1844,вода кокосовая,ru
1844,кокосовый сок,ru
1844,кокос вода,ru
1844,coconut water,en
1845,протеин,ru
1845,сывороточный протеин,ru
1845,протеиновый коктейль на воде,ru
1901,ролл филадельфия,ru
1901,роллы филадельфия,ru
1901,филадельфия с лососем,ru
1901,philadelphia roll,en
1902,калифорния,ru
1902,ролл калифорния,ru
1902,роллы калифорния,ru
1902,калифорния с крабом,ru
1902,california roll,en
1903,суши,ru
1903,суши с лососем,ru
1903,нигири лосось,ru
1903,суши лосось,ru
1903,сяке нигири,ru
1903,salmon nigiri,en
1904,суши с угрем,ru
1904,суши угорь,ru
1904,нигири угорь,ru
1904,унаги суши,ru
1904,unagi nigiri,en
1905,запеченные роллы,ru
1905,ролл запеченный,ru
1905,роллы под сырной шапкой,ru
1905,горячие роллы,ru
1905,baked sushi roll,en
1906,темпура,ru
1906,креветки в темпуре,ru
1906,тэмпура,ru
1906,темпура креветка,ru
1906,shrimp tempura,en
1907,вок,ru
1907,вок с курицей,ru
1907,вок курица,ru
1907,лапша вок с курицей,ru
1907,chicken wok noodles,en
1908,чука,ru
1908,салат чука,ru
1908,чука салат,ru
1908,водоросли чука,ru
1908,вакаме,ru
1908,chuka wakame salad,en
1909,рамен,ru
1909,рамэн,ru
1909,суп рамен,ru
1909,рамен со свининой,ru
1909,ramen,en
1910,удон,ru
1910,лапша удон,ru
1910,удон с овощами,ru
1910,удон с курицей,ru
1910,udon,en
1911,соба,ru
1911,лапша соба,ru
1911,гречневая лапша,ru
1911,соба с соусом,ru
1911,soba noodles,en
1912,пад тай,ru
1912,падтай,ru
1912,пад тай с курицей,ru
1912,пад тай с креветками,ru
1912,пад-тай,ru
1912,pad thai,en
1913,том ям,ru
1913,томям,ru
1913,суп том ям,ru
1913,том ям с креветками,ru
1913,том-ям,ru
1913,tom yum,en
1914,том кха,ru
1914,томкха,ru
1914,суп том кха,ru
1914,том ка гай,ru
1914,том-кха,ru
1914,tom kha,en
1915,мисо суп,ru
1915,мисо,ru
1915,суп мисо,ru
1915,мисоширу,ru
1915,мисо-суп,ru
1915,miso soup,en
1916,кимчи,ru
1916,кимчхи,ru
1916,капуста кимчи,ru
1916,корейская капуста,ru
1916,kimchi,en
1917,спринг роллы,ru
1917,спринг ролл,ru
1917,жареные спринг роллы,ru
1917,нэм,ru
1917,спринг-роллы,ru
1917,spring rolls,en
1918,гедза,ru
1918,гиоза,ru
1918,японские пельмени,ru
1918,gyoza,en
1919,димсам,ru
1919,димсамы,ru
1919,дим сам,ru
1919,пельмени на пару,ru
1919,dim sum,en
1920,кунг пао,ru
1920,курица кунг пао,ru
1920,гунбао,ru
1920,кунгпао,ru
1920,курица кунг-пао,ru
1920,kung pao chicken,en
1921,свинина в кисло сладком соусе,ru
1921,кисло сладкая свинина,ru
1921,свинина по китайски,ru
1921,свинина в соусе,ru
1921,свинина в кисло-сладком соусе,ru
1921,sweet and sour pork,en
1922,утка по пекински,ru
1922,пекинская утка,ru
1922,утка пекинская,ru
1922,утка с кожей,ru
1922,утка по-пекински,ru
1922,peking duck,en
1923,жареный рис,ru
1923,рис с яйцом жареный,ru
1923,жареный рис с яйцом,ru
1923,чахан,ru
1923,egg fried rice,en
1924,хинкали,ru
1924,хинкал,ru
1924,хинкали с мясом,ru
1924,грузинские пельмени,ru
1924,khinkali,en
1925,манты,ru
1925,манты с мясом,ru
1925,манты на пару,ru
1925,мант,ru
1925,manti,en
1926,долма,ru
1926,долма в виноградных листьях,ru
1926,толма,ru
1926,дулма,ru
1926,dolma,en
1927,жареный чебурек,ru
1928,люля кебаб куриный,ru
1928,куриный люля,ru
1928,люля из курицы,ru
1928,люля-кебаб куриный,ru
1928,chicken lyulya kebab,en
1929,шашлык куриный,ru
1929,куриный шашлык,ru
1929,шашлык из курицы,ru
1929,шашлык из бедра,ru
1929,chicken shashlik,en
1930,шашлык говяжий,ru
1930,говяжий шашлык,ru
1930,шашлык из говядины,ru
1930,beef shashlik,en
1931,харчо,ru
1931,суп харчо,ru
1931,харчо с говядиной,ru
1931,грузинский суп харчо,ru
1931,kharcho soup,en
1932,чихиртма,ru
1932,суп чихиртма,ru
1932,чихиртма куриная,ru
1932,chikhirtma,en
1933,сациви,ru
1933,курица сациви,ru
1933,сациви из курицы,ru
1933,курица в ореховом соусе,ru
1933,satsivi,en
1208,курица чахохбили,ru
1937,шаурма с говядиной,ru
1937,шаверма с говядиной,ru
1937,говяжья шаурма,ru
1937,донер с говядиной,ru
1937,beef shawarma,en
1938,фалафель,ru
1938,фалафель шарики,ru
1938,фалафель жареный,ru
1938,шарики из нута,ru
1938,falafel,en
1940,шакшука,ru
1940,шакшук,ru
1940,яйца в томатном соусе,ru
1940,яичница шакшука,ru
1940,shakshuka,en
1941,кускус,ru
1941,кус кус,ru
1941,кускус с овощами,ru
1941,кускус готовый,ru
1941,couscous with vegetables,en
1942,плов узбекский,ru
1942,плов с бараниной,ru
1942,uzbek plov with lamb,en
1943,лагман,ru
1943,суп лагман,ru
1943,лагман с говядиной,ru
1943,лагман с лапшой,ru
1943,lagman,en
1944,шурпа,ru
1944,суп шурпа,ru
1944,шурпа из баранины,ru
1944,сорпа,ru
1944,shurpa,en
1945,бешбармак,ru
1945,бешпармак,ru
1945,беш,ru
1945,бесбармак,ru
1945,beshbarmak,en
2001,карбонара,ru
2001,паста карбонара,ru
2001,спагетти карбонара,ru
2001,макароны карбонара,ru
2001,паста с беконом,ru
2001,carbonara,en
2001,pasta carbonara,en
2002,болоньезе,ru
2002,паста болоньезе,ru
2002,спагетти болоньезе,ru
2002,паста с фаршем,ru
2002,макароны болоньезе,ru
2002,bolognese,en
2002,pasta bolognese,en
2003,альфредо,ru
2003,паста альфредо,ru
2003,фетучини альфредо,ru
2003,паста в сливочном соусе,ru
2003,alfredo,en
2003,pasta alfredo,en
2003,fettuccine alfredo,en
2004,паста песто,ru
2004,паста с песто,ru
2004,спагетти с песто,ru
2004,паста с соусом песто,ru
2004,pasta pesto,en
2005,паста четыре сыра,ru
2005,паста 4 сыра,ru
2005,сырная паста,ru
2005,quattro formaggi,en
2005,four cheese pasta,en
2006,лазанья,ru
2006,лазания,ru
2006,лазанья с мясом,ru
2006,лазанья болоньезе,ru
2006,lasagna,en
2006,lasagne,en
2007,каннеллони,ru
2007,канеллони,ru
2007,каннелони с мясом,ru
2007,трубочки с фаршем,ru
2007,cannelloni,en
2008,равиоли,ru
2008,равиоли с мясом,ru
2008,равиоли отварные,ru
2008,равиоли с сыром,ru
2008,ravioli,en
2009,ньокки,ru
2009,гнокки,ru
2009,ньокки картофельные,ru
2009,клецки картофельные,ru
2009,gnocchi,en
2010,ризотто,ru
2010,ризотто с грибами,ru
2010,грибное ризотто,ru
2010,рис с грибами по итальянски,ru
2010,mushroom risotto,en
2010,risotto,en
2011,ризотто с морепродуктами,ru
2011,морское ризотто,ru
2011,ризотто с креветками,ru
2011,ризотто фрутти ди маре,ru
2011,seafood risotto,en
2012,спагетти с томатным соусом,ru
2012,паста с томатным соусом,ru
2012,макароны с томатом,ru
2012,спагетти наполитана,ru
2012,паста помодоро,ru
2012,spaghetti tomato sauce,en
2012,pasta pomodoro,en
2013,арабьята,ru
2013,пенне арабьята,ru
2013,паста арабьята,ru
2013,острая паста,ru
2013,penne arrabbiata,en
2013,arrabbiata,en
2014,паста с морепродуктами,ru
2014,паста фрутти ди маре,ru
2014,спагетти с креветками,ru
2014,морская паста,ru
2014,seafood pasta,en
2015,тальятелле,ru
2015,тальятелле с лососем,ru
2015,паста с лососем,ru
2015,паста с семгой,ru
2015,tagliatelle salmon,en
2016,макароны с сыром,ru
2016,мак энд чиз,ru
2016,паста с сыром,ru
2016,макароны под сыром,ru
2016,mac and cheese,en
2017,картошка по французски,ru
2017,картофель по французски,ru
2017,мясо по французски с картошкой,ru
2017,картофель запеченный с сыром и мясом,ru
2017,картофель по-французски,ru
2017,potato french style,en
2019,жульен,ru
2019,жюльен,ru
2019,жульен с курицей,ru
2019,жульен грибной,ru
2019,курица с грибами в сливках,ru
2019,julienne,en
2020,лотарингский пирог,ru
2022,луковый суп,ru
2022,французский луковый суп,ru
2022,суп из лука,ru
2022,суп луковый,ru
2022,french onion soup,en
2023,тыквенный суп,ru
2023,крем суп из тыквы,ru
2023,суп пюре из тыквы,ru
2023,тыквенный крем суп,ru
2023,крем-суп из тыквы,ru
2023,pumpkin soup,en
2024,суп из брокколи,ru
2024,крем суп из брокколи,ru
2024,брокколи суп пюре,ru
2024,суп пюре брокколи,ru
2024,крем-суп из брокколи,ru
2024,broccoli soup,en
2025,гаспачо,ru
2025,гаспаччо,ru
2025,холодный томатный суп,ru
2025,испанский холодный суп,ru
2025,gazpacho,en
2026,минестроне,ru
2026,минестрони,ru
2026,овощной суп итальянский,ru
2026,суп минестроне,ru
2026,minestrone,en
2027,куриный крем суп,ru
2027,суп пюре из курицы,ru
2027,крем суп куриный,ru
2027,куриный суп пюре,ru
2027,суп-пюре из курицы,ru
2027,cream of chicken soup,en
2028,шницель,ru
2028,шницель свиной,ru
2028,венский шницель,ru
2028,мясо в панировке,ru
2028,schnitzel,en
2029,эскалоп,ru
2029,эскалоп свиной,ru
2029,отбивная без панировки,ru
2029,эскалоп жареный,ru
2029,escalope,en
2030,ростбиф,ru
2030,роастбиф,ru
2030,говядина запеченная куском,ru
2030,ростбиф холодный,ru
2030,roast beef,en
2031,медальоны,ru
2031,медальоны из говядины,ru
2031,медальоны в сливочном соусе,ru
2031,говяжьи медальоны,ru
2031,beef medallions,en
2032,фрикасе,ru
2032,фрикассе,ru
2032,фрикасе из курицы,ru
2032,курица в сливочном соусе,ru
2032,chicken fricassee,en
2033,мидии в вине,ru
2033,мидии в белом вине,ru
2033,мидии в соусе,ru
2033,мидии тушеные,ru
2033,mussels white wine,en
2033,moules marinieres,en
2034,гуляш по венгерски,ru
2034,венгерский гуляш,ru
2034,гуляш по-венгерски,ru
2034,hungarian goulash,en
2035,паэлья,ru
2035,паелья,ru
2035,паэлия с морепродуктами,ru
2035,испанский рис,ru
2035,paella,en
2036,тортилья испанская,ru
2036,испанский омлет,ru
2036,омлет с картошкой,ru
2036,картофельный омлет,ru
2036,spanish tortilla,en
2036,tortilla espanola,en
2038,крем брюле,ru
2038,кремброле,ru
2038,десерт крем брюле,ru
2038,французский крем брюле,ru
2038,крем-брюле,ru
2038,creme brulee,en
2039,бенедикт,ru
2039,яйца бенедикт,ru
2039,яйцо бенедикт,ru
2039,бенедикт с голландским соусом,ru
2039,eggs benedict,en
2040,английский завтрак,ru
2040,инглиш брекфаст,ru
2040,британский завтрак,ru
2040,полный английский завтрак,ru
2040,english breakfast,en
2040,full english,en
2041,сосиски с картошкой,ru
2041,сосиски с картофелем,ru
2041,картошка с сосисками,ru
2041,сосиски с пюре,ru
2041,sausages with potatoes,en
2043,вафли с ягодами,ru
2043,бельгийская вафля,ru
2043,бельгийские вафли с ягодами,ru
2043,belgian waffles,en
2101,гречка с маслом,ru
2101,гречневая каша с маслом,ru
2101,каша гречневая с маслом,ru
2101,греча с маслом,ru
2101,гречка сливочное масло,ru
2101,buckwheat with butter,en
2102,гречка на молоке,ru
2102,гречневая каша молочная,ru
2102,молочная гречка,ru
2102,каша гречневая на молоке,ru
2102,гречка с молоком,ru
2102,buckwheat milk porridge,en
2103,рис с овощами,ru
2103,овощной рис,ru
2103,рис по восточному,ru
2103,рис с морковью и горошком,ru
2103,рис овощной,ru
2103,rice with vegetables,en
2104,рис с маслом,ru
2104,рис со сливочным маслом,ru
2104,рисовая каша с маслом,ru
2104,отварной рис с маслом,ru
2104,рис масло,ru
2104,rice with butter,en
2105,плов вегетарианский,ru
2105,плов без мяса,ru
2105,постный плов,ru
2105,овощной плов,ru
2105,плов с овощами,ru
2105,vegetarian pilaf,en
2106,кус-кус,ru
2106,кускус отварной,ru
2106,кус-кус отварной,ru
2106,couscous,en
2106,cooked couscous,en
2107,полба,ru
2107,полба отварная,ru
2107,каша из полбы,ru
2107,спельта,ru
2107,полба вареная,ru
2107,spelt,en
2107,farro,en
2108,амарант,ru
2108,амарант отварной,ru
2108,каша амарантовая,ru
2108,щирица,ru
2108,амарант вареный,ru
2108,amaranth,en
2109,кукурузная каша,ru
2109,каша кукурузная,ru
2109,мамалыга,ru
2109,полента,ru
2109,каша из кукурузной крупы,ru
2109,corn porridge,en
2109,polenta,en
2110,кукурузная крупа,ru
2110,крупа кукурузная,ru
2110,кукурузная крупа сухая,ru
2110,кукурузная сечка,ru
2110,кукурузная крупа сырая,ru
2110,corn grits dry,en
2111,пшеничная каша,ru
2111,каша пшеничная,ru
2111,артек,ru
2111,каша из пшеничной крупы,ru
2111,пшеничка,ru
2111,wheat porridge,en
2112,ячневая каша,ru
2112,каша ячневая,ru
2112,ячка,ru
2112,ячневая на воде,ru
2112,каша из ячневой крупы,ru
2112,barley grits porridge,en
2113,гороховая каша,ru
2113,пюре из гороха,ru
2113,горошница,ru
2113,pea porridge,en
2114,гороховый суп,ru
2114,суп гороховый,ru
2114,суп из гороха,ru
2114,гороховый суп с копченостями,ru
2114,гороховый суп с курицей,ru
2114,pea soup,en
2115,рисовая каша,ru
2115,рисовая каша на молоке,ru
2115,молочная рисовая каша,ru
2115,каша рисовая молочная,ru
2115,рис на молоке,ru
2115,rice milk porridge,en
2116,чечевица сухая,ru
2116,чечевица сырая,ru
2116,красная чечевица сухая,ru
2116,зеленая чечевица сухая,ru
2116,крупа чечевица,ru
2116,dry lentils,en
2117,маш,ru
2117,маш отварной,ru
2117,бобы мунг,ru
2117,золотистая фасоль,ru
2117,маш вареный,ru
2117,mung beans,en
2117,cooked mung beans,en
2120,соя,ru
2120,соя отварная,ru
2120,соя вареная,ru
2120,соевые бобы,ru
2120,бобы соевые отварные,ru
2120,boiled soybeans,en
2121,тофу,ru
2121,соевый творог,ru
2121,тофу классический,ru
2121,тофу твердый,ru
2121,тофу сыр,ru
2121,tofu,en
2121,firm tofu,en
2122,темпе,ru
2122,темпех,ru
2122,ферментированная соя,ru
2122,соевый темпе,ru
2122,tempeh,en
2123,сейтан,ru
2123,сеитан,ru
2123,пшеничное мясо,ru
2123,глютеновое мясо,ru
2123,пшеничный глютен,ru
2123,seitan,en
2124,соба сухая,ru
2124,лапша гречневая сухая,ru
2124,лапша соба сухая,ru
2124,soba noodles dry,en
2125,рисовая лапша,ru
2125,лапша рисовая,ru
2125,рисовая лапша отварная,ru
2125,рисовая вермишель,ru
2125,лапша для вока рисовая,ru
2125,rice noodles,en
2126,фунчеза,ru
2126,стеклянная лапша,ru
2126,крахмальная лапша,ru
2126,фунчоза готовая,ru
2126,фунчоза отварная,ru
2126,glass noodles,en
2126,cellophane noodles,en
2127,цельнозерновые макароны,ru
2127,макароны цельнозерновые,ru
2127,паста цельнозерновая,ru
2127,цельнозерновые спагетти,ru
2127,макароны из цельного зерна,ru
2127,макароны цельнозерновые отварные,ru
2127,whole wheat pasta,en
2129,доширак,ru
2129,роллтон,ru
2129,лапша быстрого приготовления,ru
2129,бичпакет,ru
2129,лапша дошик,ru
2129,лапша быстрого приготовления сухая,ru
2129,instant noodles,en
2010,рисотто,ru
2010,ризото,ru
2132,горох сухой,ru
2132,горох колотый,ru
2132,сухой горох,ru
2132,горох сырой,ru
2132,крупа горох,ru
2132,dry split peas,en
2133,овсяноблин,ru
2133,овсяно блин,ru
2133,блин из овсянки,ru
2133,овсяный блин,ru
2133,овсяноблинчик,ru
2133,oat pancake,en
2136,овсяные отруби,ru
2136,отруби овсяные,ru
2136,отруби из овса,ru
2136,овсяные отруби сухие,ru
2136,овсяная клетчатка,ru
2136,oat bran,en
2137,отруби,ru
2137,пшеничные отруби,ru
2137,отруби пшеничные,ru
2137,отруби хрустящие,ru
2137,пшеничная клетчатка,ru
2137,wheat bran,en
2138,зародыши пшеницы,ru
2138,пшеничные зародыши,ru
2138,зародыш пшеничный,ru
2138,ростки пшеницы сухие,ru
2138,проростки пшеницы сухие,ru
2138,wheat germ,en
2139,льняная каша,ru
2139,каша льняная,ru
2139,каша из льна,ru
2139,льняная каша сухая,ru
2139,лен каша,ru
2139,flax porridge dry,en
2140,киноа сухая,ru
2140,киноа сырая,ru
2140,крупа киноа,ru
2140,киноа зерно,ru
2140,quinoa dry,en
2141,булгур сухой,ru
2141,булгур сырой,ru
2141,крупа булгур,ru
2141,бургуль,ru
2141,булгур крупа,ru
2141,bulgur dry,en
2142,перловка сухая,ru
2142,перловая крупа,ru
2142,крупа перловая,ru
2142,перловка сырая,ru
2142,ячмень перловый,ru
2142,pearl barley dry,en
2143,пшено,ru
2143,пшено сухое,ru
2143,пшенная крупа,ru
2143,крупа пшенная,ru
2143,пшено сырое,ru
2143,millet dry,en
2144,манка сухая,ru
2144,манная крупа,ru
2144,крупа манная,ru
2144,манка сырая,ru
2144,semolina dry,en
2145,бурый рис сухой,ru
2145,коричневый рис сухой,ru
2145,рис бурый крупа,ru
2145,рис коричневый сырой,ru
2145,рис бурый сухой,ru
2145,brown rice dry,en
2201,сметанный соус,ru
2201,соус сметанный,ru
2201,соус из сметаны,ru
2201,сметанная заправка,ru
2201,sour cream sauce,en
2202,сырный соус,ru
2202,соус сырный,ru
2202,чиз соус,ru
2202,чизсоус,ru
2202,cheese sauce,en
2203,барбекю,ru
2203,соус барбекю,ru
2203,барбекю соус,ru
2203,бабекю,ru
2203,bbq sauce,en
2203,barbecue sauce,en
2204,соус терияки,ru
2204,терияки соус,ru
2204,теряки,ru
2204,teriyaki sauce,en
2205,песто,ru
2205,соус песто,ru
2205,песто генуэзский,ru
2205,зеленый песто,ru
2205,pesto,en
2206,тартар,ru
2206,соус тартар,ru
2206,тар тар,ru
2206,тартарный соус,ru
2206,tartar sauce,en
2207,соус цезарь,ru
2207,цезарь соус,ru
2207,заправка цезарь,ru
2207,дрессинг цезарь,ru
2207,caesar dressing,en
2208,чесночный соус,ru
2208,соус чесночный,ru
2208,чеснок соус,ru
2208,чесночный майонез,ru
2208,garlic sauce,en
2209,ткемали,ru
2209,соус ткемали,ru
2209,сливовый соус,ru
2209,ткемали соус,ru
2209,tkemali sauce,en
2210,аджика,ru
2210,соус аджика,ru
2210,аджика острая,ru
2210,абхазская аджика,ru
2210,adjika,en
1618,хрен столовый,ru
1618,хреновина,ru
2212,васаби,ru
2212,васаби паста,ru
2212,вассаби,ru
2212,японский хрен,ru
2212,wasabi,en
2213,горчица,ru
2213,дижонская горчица,ru
2213,горчица дижонская,ru
2213,дижон,ru
2213,dijon mustard,en
2214,бальзамик,ru
2214,бальзамический уксус,ru
2214,уксус бальзамический,ru
2214,бальзамико,ru
2214,balsamic vinegar,en
2215,уксус,ru
2215,столовый уксус,ru
2215,уксус столовый,ru
2215,уксус 9,ru
2215,vinegar,en
2217,льняное масло,ru
2217,масло льняное,ru
2217,льняное,ru
2217,масло из льна,ru
2217,flaxseed oil,en
2217,linseed oil,en
2218,кунжутное масло,ru
2218,масло кунжутное,ru
2218,кунжутное,ru
2218,сезамовое масло,ru
2218,sesame oil,en
2219,кокосовое масло,ru
2219,масло кокосовое,ru
2219,масло кокоса,ru
2219,кокос масло,ru
2219,coconut oil,en
1016,соленое сало,ru
1016,salted pork fat,en
1016,salo,en
2222,табаско,ru
2222,соус табаско,ru
2222,тобаско,ru
2222,острый перечный соус,ru
2222,tabasco,en
2222,hot pepper sauce,en
1740,сливочный маргарин,ru
1244,говяжья тушенка,ru
1244,мясо тушеное,ru
2225,майонез легкий,ru
2225,легкий майонез,ru
2225,майонез 30,ru
2225,майонез диетический,ru
2225,light mayonnaise,en
1105,canned sweet corn,en
2227,сладкий чили,ru
2227,соус чили,ru
2227,чили соус,ru
2227,сладкий соус чили,ru
2227,соус сладкий чили,ru
2227,sweet chili sauce,en
2228,устричный соус,ru
2228,соус устричный,ru
2228,устричный,ru
2228,соус из устриц,ru
2228,oyster sauce,en
2229,рыбный соус,ru
2229,соус рыбный,ru
2229,фиш соус,ru
2229,нам пла,ru
2229,fish sauce,en
1015,оливки без косточки,ru
1015,маслины консервированные,ru
1015,canned olives,en
2231,томатная паста,ru
2231,паста томатная,ru
2231,томат паста,ru
2231,томатное пюре,ru
2231,tomato paste,en
2232,карри паста,ru
2232,паста карри,ru
2232,карри,ru
2232,соус карри,ru
2232,curry paste,en
2235,куриный бульон,ru
2235,бульон куриный,ru
2235,бульон,ru
2235,бульон из курицы,ru
2235,chicken broth,en
2236,говяжий бульон,ru
2236,бульон говяжий,ru
2236,мясной бульон,ru
2236,бульон из говядины,ru
2236,beef broth,en
2237,бульонный кубик,ru
2237,кубик бульонный,ru
2237,кубик магги,ru
2237,кубик кнорр,ru
2237,куриный кубик,ru
2237,bouillon cube,en
2238,желатин,ru
2238,желатин пищевой,ru
2238,желатин сухой,ru
2238,гранулированный желатин,ru
2238,gelatin,en
2239,разрыхлитель,ru
2239,разрыхлитель теста,ru
2239,пекарский порошок,ru
2239,бакпульвер,ru
2239,baking powder,en
2240,соль,ru
2240,соль поваренная,ru
2240,поваренная соль,ru
2240,соль пищевая,ru
2240,salt,en
2241,черный перец,ru
2241,перец черный,ru
2241,перец молотый,ru
2241,перец,ru
2241,перец черный молотый,ru
2241,black pepper,en
2242,паприка,ru
2242,паприка молотая,ru
2242,молотая паприка,ru
2242,сладкая паприка,ru
2242,paprika,en
2243,куркума,ru
2243,куркума молотая,ru
2243,молотая куркума,ru
2243,турмерик,ru
2243,turmeric,en
2244,корица,ru
2244,корица молотая,ru
2244,молотая корица,ru
2244,циннамон,ru
2244,cinnamon,en
2245,ванилин,ru
2245,ваниль,ru
2245,ванильный порошок,ru
2245,ванилин кристаллический,ru
2245,vanillin,en
2245,vanilla powder,en
2301,вей,ru
2301,протеин порошок,ru
2301,изолят,ru
2301,протеин сывороточный,ru
2301,whey protein,en
2302,казеин,ru
2302,казеиновый протеин,ru
2302,ночной протеин,ru
2302,казеин порошок,ru
2302,протеин казеиновый,ru
2302,casein protein,en
2303,гейнер,ru
2303,гейнер порошок,ru
2303,углеводно белковая смесь,ru
2303,масс гейнер,ru
2303,mass gainer,en
2304,бцаа,ru
2304,бца,ru
2304,аминокислоты,ru
2304,всаа,ru
2304,бцаа порошок,ru
2304,bcaa,ru
2304,branched chain amino acids,en
2305,креатин,ru
2305,креатин моногидрат,ru
2305,креатин порошок,ru
2305,creatine,en
2305,creatine monohydrate,en
2306,протеиновый батончик,ru
2306,протеин батончик,ru
2306,белковый батончик,ru
2306,батончик протеиновый,ru
2306,protein bar,en
2307,энергетический батончик,ru
2307,энергобатончик,ru
2307,батончик энергетический,ru
2307,спортивный батончик,ru
2307,energy bar,en
2308,батончик мюсли,ru
2308,мюсли батончик,ru
2308,злаковый батончик,ru
2308,батончик злаковый,ru
2308,гранола батончик,ru
2308,muesli bar,en
2308,granola bar,en
2309,арахисовая паста,ru
2309,арахисовое масло,ru
2309,паста арахисовая,ru
2309,урбеч арахисовый,ru
2309,peanut butter,en
2310,миндальная паста,ru
2310,паста миндальная,ru
2310,миндальное масло,ru
2310,урбеч миндальный,ru
2310,almond butter,en
2311,урбеч,ru
2311,урбеч льняной,ru
2311,паста из семян,ru
2311,дагестанский урбеч,ru
2311,urbech,en
2313,чиа,ru
2313,семена чиа,ru
2313,семечки чиа,ru
2313,чиа семена,ru
2313,chia seeds,en
2314,лен,ru
2314,семена льна,ru
2314,льняное семя,ru
2314,семечки льна,ru
2314,flax seeds,en
2314,linseed,en
2315,тыквенные семечки,ru
2315,семена тыквы,ru
2315,семечки тыквенные,ru
2315,тыквенные семена,ru
2315,pumpkin seeds,en
2316,кунжут,ru
2316,семена кунжута,ru
2316,кунжутное семя,ru
2316,сезам,ru
2316,sesame seeds,en
2317,мак,ru
2317,маковые зерна,ru
2317,семена мака,ru
2317,мак пищевой,ru
2317,poppy seeds,en
2319,спирулина,ru
2319,спирулина порошок,ru
2319,водоросли спирулина,ru
2319,спирулина сухая,ru
2319,spirulina,en
2323,кокосовый напиток,ru
2323,растительное молоко кокосовое,ru
2323,кокосовое молоко (напиток),ru
2323,coconut milk drink,en
2324,кокосовое молоко в банке,ru
2324,кокосовое молоко жирное,ru
2324,молоко кокосовое консервированное,ru
2324,кокосовое молоко консервированное,ru
2324,canned coconut milk,en
2325,рисовое молоко,ru
2325,молоко рисовое,ru
2325,растительное молоко рисовое,ru
2325,rice milk,en
2326,каша быстрого приготовления,ru
2326,быстрая каша,ru
2326,каша из пакетика,ru
2326,овсянка быстрого приготовления,ru
2326,каша с фруктами,ru
2326,instant porridge,en
2327,рисовые хлебцы,ru
2327,хлебцы рисовые,ru
2327,рисовые галеты,ru
2327,круглые хлебцы,ru
2327,rice cakes,en
2328,гречневые хлебцы,ru
2328,хлебцы гречневые,ru
2328,хлебцы из гречки,ru
2328,buckwheat crispbread,en
2329,кукурузные хлебцы,ru
2329,хлебцы кукурузные,ru
2329,кукурузные галеты,ru
2329,corn cakes,en
2330,галеты,ru
2330,галетное печенье,ru
2330,печенье галетное,ru
2330,печенье мария,ru
2330,galette biscuits,en
1719,высокобелковый йогурт,ru
2332,творожок без сахара,ru
2332,творожный десерт,ru
2332,протеиновый творожок,ru
2332,десерт творожный без сахара,ru
2332,творожный десерт без сахара,ru
2332,sugar free curd dessert,en
2334,кокосовая стружка,ru
2334,стружка кокосовая,ru
2334,кокос сушеный,ru
2334,кокосовые хлопья,ru
2334,coconut flakes,en
2334,desiccated coconut,en
2335,кленовый сироп,ru
2335,сироп кленовый,ru
2335,клен сироп,ru
2335,maple syrup,en
2336,сироп агавы,ru
2336,агава,ru
2336,агавовый сироп,ru
2336,нектар агавы,ru
2336,agave syrup,en
2337,стевия,ru
2337,сахзам стевия,ru
2337,подсластитель стевия,ru
2337,стевиозид,ru
2337,stevia,en
2338,эритрит,ru
2338,эритритол,ru
2338,сахзам эритрит,ru
2338,подсластитель эритрит,ru
2338,erythritol,en
2339,сироп топинамбура,ru
2339,топинамбур сироп,ru
2339,заменитель сахара сироп,ru
2339,jerusalem artichoke syrup,en
2340,изотоник,ru
2340,изотонический напиток,ru
2340,спортивный напиток,ru
2340,электролитный напиток,ru
2340,isotonic drink,en
2340,sports drink,en
2341,карнитин,ru
2341,л карнитин,ru
2341,эль карнитин,ru
2341,карнитин порошок,ru
2341,l-карнитин,ru
2341,l carnitine,en
2342,омега 3,ru
2342,рыбий жир,ru
2342,омега три,ru
2342,омега 3 капсулы,ru
2342,омега-3 капсулы,ru
2342,omega 3,en
2342,fish oil,en
2343,витамины,ru
2343,мультивитамины,ru
2343,поливитамины,ru
2343,витаминный комплекс,ru
2343,витамины мультикомплекс,ru
2343,multivitamins,en
2344,коллаген,ru
2344,коллаген порошок,ru
2344,гидролизат коллагена,ru
2344,морской коллаген,ru
2344,collagen powder,en
2345,кукурузные хлопья,ru
2345,хлопья кукурузные,ru
2345,сухой завтрак,ru
2345,корнфлекс,ru
2345,corn flakes,en
2401,биг мак,ru
2401,бигмак,ru
2401,бургер биг мак,ru
2401,биг мак макдональдс,ru
2401,big mac,en
2403,двойной чизбургер,ru
2403,дабл чизбургер,ru
2403,чизбургер двойной,ru
2403,бургер двойной с сыром,ru
2403,double cheeseburger,en
2404,воппер,ru
2404,вопер,ru
2404,бургер воппер,ru
2404,бургер кинг воппер,ru
2404,whopper,en
2405,роял бургер,ru
2405,роял чизбургер,ru
2405,гранд бургер,ru
2405,квотер паундер,ru
2405,биг спешл,ru
2405,quarter pounder,en
2405,royal cheeseburger,en
2406,фиш бургер,ru
2406,фишбургер,ru
2406,филе о фиш,ru
2406,рыбный бургер,ru
2406,бургер с рыбой,ru
2406,filet o fish,en
2406,fish burger,en
2407,куриные стрипсы,ru
2407,стрипсы,ru
2407,чикен стрипсы,ru
2407,куриные полоски,ru
2407,стрипсы кфс,ru
2407,chicken strips,en
2407,chicken tenders,en
2408,луковые кольца,ru
2408,онион рингс,ru
2408,кольца луковые,ru
2408,лук в кляре,ru
2408,onion rings,en
2409,крылья баффало,ru
2409,баффало,ru
2409,острые крылышки,ru
2409,крылышки баффало,ru
2409,куриные крылья острые,ru
2409,buffalo wings,en
2411,кесадилья,ru
2411,кесадилья с курицей,ru
2411,кесадия,ru
2411,кисадилья,ru
2411,quesadilla,en
2412,буррито,ru
2412,буритто,ru
2412,бурито,ru
2412,мексиканский ролл,ru
2412,burrito,en
2413,тако,ru
2413,такос,ru
2413,мексиканское тако,ru
2413,тако с мясом,ru
2413,taco,en
2414,начос с сыром,ru
2414,начос,ru
2414,начосы,ru
2414,начос сырный,ru
2414,чипсы начос,ru
2414,nachos with cheese,en
2415,хот дог с сыром,ru
2415,сырный хот дог,ru
2415,хотдог с сыром,ru
2415,чиз дог,ru
2415,хот-дог с сыром,ru
2415,cheese hot dog,en
2416,корн дог,ru
2416,корндог,ru
2416,сосиска в тесте на палочке,ru
2416,хот дог на палочке,ru
2416,корн-дог,ru
2416,corn dog,en
2417,донер кебаб,ru
2417,денер,ru
2417,кебаб в лаваше,ru
2417,doner kebab,en
2418,гирос,ru
2418,гирос с курицей,ru
2418,греческий гирос,ru
2418,гирос в пите,ru
2418,gyros,en
2419,пита с курицей,ru
2419,куриная пита,ru
2419,питта с курицей,ru
2419,сэндвич пита,ru
2419,chicken pita,en
2420,клаб сэндвич,ru
2420,клубный сэндвич,ru
2420,сэндвич клаб,ru
2420,клаб сендвич,ru
2420,клаб-сэндвич,ru
2420,club sandwich,en
2421,панини с ветчиной,ru
2421,панини ветчина сыр,ru
2421,горячий сэндвич панини,ru
2421,ham panini,en
2422,твистер,ru
2422,твистер с курицей,ru
2422,ролл твистер,ru
2422,кфс твистер,ru
2422,twister wrap,en
2423,цезарь ролл,ru
2423,ролл цезарь,ru
2423,ролл с курицей,ru
2423,куриный ролл,ru
2423,врап с курицей,ru
2423,caesar wrap,en
2423,chicken wrap,en
2425,стромболи,ru
2425,пицца рулет,ru
2425,рулет стромболи,ru
2425,stromboli,en
2426,самса с курицей,ru
2426,куриная самса,ru
2426,samsa with chicken,en
2428,пирожок жареный,ru
2428,жареный пирожок,ru
2428,пирожки с картошкой,ru
2428,пирожок жареный с картошкой,ru
2428,fried potato pirozhok,en
2430,блин с мясом,ru
2430,блинчик с мясом,ru
2430,блины с мясом,ru
2430,блинчики с мясом,ru
2430,pancake with meat,en
2431,блин с творогом,ru
2431,блинчик с творогом,ru
2431,блины с творогом,ru
2431,блинчики с творогом,ru
2431,pancake with curd,en
2432,блин с икрой,ru
2432,блинчик с икрой,ru
2432,блины с икрой,ru
2432,блин с красной икрой,ru
2432,pancake with caviar,en
2433,креп с бананом,ru
2433,блинчик с бананом,ru
2433,крепы,ru
2433,креп банан шоколад,ru
2433,блин с бананом,ru
2433,banana crepe,en
2434,мороженое рожок,ru
2434,рожок,ru
2434,мягкое мороженое,ru
2434,мороженое в вафельном рожке,ru
2434,ice cream cone,en
2434,soft serve,en
2436,пирожок яблочный,ru
2436,яблочный пирожок,ru
2436,эппл пай,ru
2436,пирожок с яблоком,ru
2436,пирожок яблочный жареный,ru
2436,apple pie fast food,en
2437,соус чиз,ru
2208,соус к шаурме,ru
2208,белый соус,ru
2440,салат цезарь с курицей,ru
2440,caesar salad with chicken,en
2442,маффин с яйцом,ru
2442,эг маффин,ru
2442,макмаффин,ru
2442,булочка с яйцом и беконом,ru
2442,маффин с яйцом и беконом,ru
2442,egg mcmuffin,en
2442,egg bacon muffin,en
2443,комбо обед,ru
2443,комбо,ru
2443,меню комбо,ru
2443,бургер меню,ru
2443,обед комбо,ru
2443,combo meal,en
2444,хашбраун,ru
2444,хэшбраун,ru
2444,картофельный хашбраун,ru
2444,драник фастфуд,ru
2444,hash brown,en
2445,пончик глазированный,ru
2445,донатс,ru
2445,донат глазированный,ru
2445,glazed donut,en
2502,суп с фрикадельками,ru
2502,фрикадельковый суп,ru
2502,суп фрикадельки,ru
2502,суп с тефтельками,ru
2502,meatball soup,en
2503,овощной суп,ru
2503,суп овощной,ru
2503,суп из овощей,ru
2503,овощной супчик,ru
2503,vegetable soup,en
2504,чечевичный суп,ru
2504,суп чечевичный,ru
2504,суп из чечевицы,ru
2504,суп с чечевицей,ru
2504,lentil soup,en
2505,картофельный суп,ru
2505,суп картофельный,ru
2505,суп с картошкой,ru
2505,суп с картофелем,ru
2505,potato soup,en
2506,окрошка,ru
2506,окрошка на квасе,ru
2506,окрошка квас,ru
2506,холодный суп окрошка,ru
2506,okroshka with kvass,en
2507,окрошка на кефире,ru
2507,окрошка кефир,ru
2507,кефирная окрошка,ru
2507,окрошка с кефиром,ru
2507,okroshka with kefir,en
2508,свекольник,ru
2508,холодный свекольник,ru
2508,холодный борщ,ru
2508,свекольный суп холодный,ru
2508,свекольник холодный,ru
2508,cold beet soup,en
2511,сырный крем суп,ru
2511,сырный суп,ru
2511,крем суп сырный,ru
2511,суп пюре сырный,ru
2511,крем-суп сырный,ru
2511,cheese cream soup,en
2512,суп с клецками,ru
2512,суп клецки,ru
2512,суп с галушками,ru
2512,dumpling soup,en
2513,щавелевый суп,ru
2513,суп из щавеля,ru
2513,зеленые щи,ru
2513,щи зеленые,ru
2513,суп щавелевый с яйцом,ru
2513,sorrel soup,en
2515,молочный суп,ru
2515,молочный суп с вермишелью,ru
2515,суп молочный вермишелевый,ru
2515,молочная лапша,ru
2515,milk vermicelli soup,en
2516,фасолевый суп,ru
2516,суп фасолевый,ru
2516,суп с фасолью,ru
2516,суп из фасоли,ru
2516,bean soup,en
2519,постный борщ,ru
2519,борщ постный,ru
2519,вегетарианский борщ,ru
2519,борщ без мяса,ru
2519,lean borscht,en
2520,уха из семги,ru
2520,суп из семги,ru
2520,лососевая уха,ru
2520,суп с семгой,ru
2520,salmon fish soup,en
2521,тушеная картошка с мясом,ru
2521,картошка тушеная с мясом,ru
2521,жаркое с мясом,ru
2521,картофель тушеный с мясом,ru
2521,stewed potatoes with meat,en
2522,тушеная картошка с курицей,ru
2522,картошка с курицей тушеная,ru
2522,картофель тушеный с курицей,ru
2522,жаркое с курицей,ru
2522,stewed potatoes with chicken,en
2523,курица с рисом,ru
2523,рис с курицей,ru
2523,куриное филе с рисом,ru
2523,рис и курица,ru
2523,chicken with rice,en
2524,рыба с овощами,ru
2524,рыба тушеная с овощами,ru
2524,рыба под овощами,ru
2524,рыба запеченная с овощами,ru
2524,fish with vegetables,en
2525,омлет с сыром,ru
2525,сырный омлет,ru
2525,яичница с сыром,ru
2525,омлет сырный,ru
2525,cheese omelet,en
2526,омлет с помидорами,ru
2526,омлет с томатами,ru
2526,яичница с помидорами,ru
2526,омлет помидоры,ru
2526,tomato omelet,en
2527,яичница с беконом,ru
2527,яйца с беконом,ru
2527,глазунья с беконом,ru
2527,бекон с яйцом,ru
2527,fried eggs with bacon,en
2528,яичница с колбасой,ru
2528,яйца с колбасой,ru
2528,глазунья с колбасой,ru
2528,колбаса с яйцом,ru
2528,fried eggs with sausage,en
1734,запеканка с изюмом,ru
2530,макаронная запеканка,ru
2530,запеканка из макарон,ru
2530,лапшевник,ru
2530,запеканка макаронная,ru
2530,pasta casserole,en
2531,гречка с грибами,ru
2531,гречневая каша с грибами,ru
2531,греча с грибами,ru
2531,гречка грибы,ru
2531,buckwheat with mushrooms,en
2532,перцы с фаршем,ru
2532,болгарский перец фаршированный,ru
2532,перец фаршированный мясом,ru
2532,stuffed bell pepper,en
2533,фаршированные кабачки,ru
2533,кабачки фаршированные,ru
2533,кабачки с фаршем,ru
2533,кабачковые лодочки,ru
2533,stuffed zucchini,en
2534,куриный рулет,ru
2534,рулет куриный,ru
2534,рулет из курицы,ru
2534,рулет из куриной грудки,ru
2534,chicken roll,en
2535,курица в сметане,ru
2535,куриное филе в сметане,ru
2535,курица со сметаной,ru
2535,курица в сметанном соусе,ru
2535,chicken in sour cream,en
2536,печень в сметане,ru
2536,печенка в сметане,ru
2536,печень со сметаной,ru
2536,печень в сметанном соусе,ru
2536,liver in sour cream,en
2537,гречка по купечески,ru
2537,гречка с мясом,ru
2537,гречневая каша с мясом,ru
2537,греча по купечески,ru
2537,гречка по-купечески,ru
2537,buckwheat merchant style,en
2016,макароны сырные,ru
2016,спагетти с сыром,ru
2016,macaroni and cheese,en
2539,пюре с подливой,ru
2539,картофельное пюре с подливой,ru
2539,пюре с соусом,ru
2539,пюре с подливкой,ru
2539,mashed potatoes with gravy,en
2540,картошка грибы,ru
2543,тефтельки с подливой,ru
2543,фрикадельки в соусе,ru
2543,meatballs in tomato sauce,en
2545,запеканка картофельная с фаршем,ru
2545,запеканка из картошки с мясом,ru
2545,картошка запеченная с фаршем,ru
2545,potato casserole with minced meat,en
